datetime,open,high,low,close,volume
2024-08-01 08:00:00,64.01,64.01,61.85,62.9,23683
2024-08-01 09:00:00,62.91,62.93,62.85,62.85,1365
2024-08-01 10:00:00,62.89,64.0,62.89,64.0,7210
2024-08-01 11:00:00,64.05,64.5,64.0,64.0,18101
2024-08-01 12:00:00,64.0,64.5,63.1,63.5,107998
2024-08-01 13:00:00,63.49,63.5,59.7,62.75,3831574
2024-08-01 14:00:00,62.75,62.76,59.54,59.9,5861967
2024-08-01 15:00:00,59.885,59.92,58.88,59.355,4713286
2024-08-01 16:00:00,59.36,60.25,59.31,59.54,3417823
2024-08-01 17:00:00,59.51,59.79,59.06,59.745,1850253
2024-08-01 18:00:00,59.745,59.745,58.11,58.2801,1806648
2024-08-01 19:00:00,58.305,60.76,58.15,60.55,3736384
2024-08-01 20:00:00,60.53,60.53,59.31,59.56,57216
2024-08-01 21:00:00,59.55,60.53,59.3486,60.53,18337
2024-08-01 22:00:00,60.53,60.53,59.36,59.36,1245
2024-08-01 23:00:00,59.75,59.75,59.494,59.5084,440
2024-08-02 08:00:00,59.9,59.9,59.9,59.9,165
2024-08-02 11:00:00,58.95,59.05,58.9,59.05,1734
2024-08-02 12:00:00,59.0001,59.0001,58.2,58.2,5022
2024-08-02 13:00:00,58.5,60.53,56.41,56.415,1623516
2024-08-02 14:00:00,56.455,57.09,55.56,56.345,2599303
2024-08-02 15:00:00,56.345,57.32,56.085,56.65,2071960
2024-08-02 16:00:00,56.65,56.99,56.31,56.64,1371368
2024-08-02 17:00:00,56.65,57.0,56.585,56.86,1026208
2024-08-02 18:00:00,56.86,57.02,56.57,56.71,1067103
2024-08-02 19:00:00,56.72,57.28,56.435,57.25,2581308
2024-08-02 20:00:00,57.23,57.67,56.99,57.64,289636
2024-08-02 21:00:00,57.64,57.64,57.5,57.55,2792
2024-08-02 22:00:00,57.54,57.54,57.29,57.3,500
2024-08-05 08:00:00,54.88,54.99,54.1,54.11,3197
2024-08-05 09:00:00,54.31,54.35,54.1,54.1,7997
2024-08-05 10:00:00,54.23,54.25,53.73,53.73,3030
2024-08-05 11:00:00,54.3,54.6,53.24,53.24,16106
2024-08-05 12:00:00,54.1,54.5,52.0,52.9,17643
2024-08-05 13:00:00,53.48,55.3,52.77,54.77,2058546
2024-08-05 14:00:00,54.82,55.63,54.025,54.8,2170876
2024-08-05 15:00:00,54.79,56.98,54.59,56.74,1645295
2024-08-05 16:00:00,56.73,57.66,56.23,56.58,757946
2024-08-05 17:00:00,56.585,57.3,56.56,56.705,644694
2024-08-05 18:00:00,56.69,56.815,56.21,56.27,599795
2024-08-05 19:00:00,56.285,57.04,56.24,57.03,1615011
2024-08-05 20:00:00,56.99,57.25,56.983161,57.25,419668
2024-08-05 21:00:00,56.99,57.3,56.99,57.3,287428
2024-08-05 22:00:00,57.45,57.6,57.45,57.6,350
2024-08-05 23:00:00,57.55,57.9,57.55,57.9,600
2024-08-06 11:00:00,57.35,57.35,57.35,57.35,342
2024-08-06 12:00:00,58.0,58.0,57.0,57.0,7385
2024-08-06 13:00:00,57.0,57.755,56.62,57.35,782421
2024-08-06 14:00:00,57.36,58.8,57.18,58.125,1692440
2024-08-06 15:00:00,58.12,58.26,57.41,57.59,788517
2024-08-06 16:00:00,57.62,58.53,57.48,58.34,721574
2024-08-06 17:00:00,58.35,58.73,58.09,58.22,844499
2024-08-06 18:00:00,58.21,58.37,57.92,57.94,456606
2024-08-06 19:00:00,57.94,58.03,57.32,57.32,1875785
2024-08-06 20:00:00,57.38,58.08,57.0,57.38,598242
2024-08-06 21:00:00,56.64,57.38,56.64,56.64,1984
2024-08-06 22:00:00,57.1,57.1,57.1,57.1,132
2024-08-06 23:00:00,57.0,57.0,57.0,57.0,200
2024-08-07 08:00:00,57.47,57.99,57.4,57.99,4263
2024-08-07 09:00:00,58.03,58.03,58.01,58.01,900
2024-08-07 11:00:00,58.2,58.3,58.2,58.25,1699
2024-08-07 12:00:00,58.86,58.86,57.38,58.31,98404
2024-08-07 13:00:00,58.02,59.525,58.02,58.6,716165
2024-08-07 14:00:00,58.6,58.9,57.825,58.08,1047977
2024-08-07 15:00:00,58.11,58.53,57.14,57.425,704703
2024-08-07 16:00:00,57.41,57.68,56.93,57.29,473674
2024-08-07 17:00:00,57.265,57.36,56.1,56.22,914829
2024-08-07 18:00:00,56.21,56.33,55.73,56.02,778162
2024-08-07 19:00:00,56.03,56.75,56.01,56.26,1700658
2024-08-07 20:00:00,56.25,56.42,56.25,56.42,278270
2024-08-07 21:00:00,56.25,56.25,55.73,55.73,8227
2024-08-08 08:00:00,56.3,56.3,56.3,56.3,100
2024-08-08 11:00:00,56.51,56.51,56.51,56.51,220
2024-08-08 12:00:00,55.7113,57.32,55.7101,57.32,4173
2024-08-08 13:00:00,57.32,58.15,56.46,57.245,476316
2024-08-08 14:00:00,57.24,57.985,57.01,57.925,715987
2024-08-08 15:00:00,57.93,58.19,57.32,58.09,510834
2024-08-08 16:00:00,58.11,58.56,58.015,58.47,579498
2024-08-08 17:00:00,58.475,59.44,58.28,59.28,721930
2024-08-08 18:00:00,59.27,59.44,58.81,59.05,656951
2024-08-08 19:00:00,59.055,59.095,58.45,58.98,1670614
2024-08-08 20:00:00,58.98,58.98,58.98,58.98,73964
2024-08-08 21:00:00,59.18,59.31,58.98,59.18,2194
2024-08-08 22:00:00,59.31,59.31,59.18,59.18,964
2024-08-08 23:00:00,59.3,59.3,59.3,59.3,213
2024-08-09 09:00:00,59.6,59.6,59.6,59.6,624
2024-08-09 12:00:00,59.25,59.25,59.01,59.01,562
2024-08-09 13:00:00,58.91,59.62,58.28,58.28,218178
2024-08-09 14:00:00,58.26,59.19,58.13,58.79,515677
2024-08-09 15:00:00,58.795,59.11,58.34,58.365,326013
2024-08-09 16:00:00,58.38,58.9,58.34,58.82,486975
2024-08-09 17:00:00,58.83,59.31,58.81,59.12,356885
2024-08-09 18:00:00,59.13,59.29,58.995,59.28,376235
2024-08-09 19:00:00,59.29,59.92,59.18,59.68,2328530
2024-08-09 20:00:00,59.68,59.68,59.4,59.68,213922
2024-08-09 23:00:00,59.65,59.65,59.65,59.65,100
2024-08-12 11:00:00,59.67,59.67,59.67,59.67,110
2024-08-12 12:00:00,59.3,59.96,59.3,59.96,1172
2024-08-12 13:00:00,59.85,59.91,59.02,59.51,405580
2024-08-12 14:00:00,59.49,60.82,59.44,60.75,1064883
2024-08-12 15:00:00,60.76,61.49,60.255,60.57,1287097
2024-08-12 16:00:00,60.585,60.615,60.305,60.35,629244
2024-08-12 17:00:00,60.36,60.385,60.08,60.295,656788
2024-08-12 18:00:00,60.295,60.43,60.21,60.295,760036
2024-08-12 19:00:00,60.27,60.42,60.07,60.38,1313373
2024-08-12 20:00:00,60.37,60.44,60.37,60.37,63708
2024-08-12 21:00:00,60.33,60.33,60.27,60.27,301
2024-08-12 23:00:00,60.03,60.03,60.03,60.03,200
2024-08-13 11:00:00,60.06,60.06,60.03,60.03,500
2024-08-13 12:00:00,60.8,61.01,60.8,61.0,1500
2024-08-13 13:00:00,61.25,61.63,60.56,61.2,534962
2024-08-13 14:00:00,61.17,61.51,60.97,61.315,489385
2024-08-13 15:00:00,61.32,61.43,61.0315,61.385,362137
2024-08-13 16:00:00,61.385,61.385,61.03,61.26,422600
2024-08-13 17:00:00,61.25,61.34,60.9139,61.34,298431
2024-08-13 18:00:00,61.33,61.96,61.29,61.47,643025
2024-08-13 19:00:00,61.465,61.69,61.08,61.6,1634111
2024-08-13 20:00:00,61.58,61.95,61.58,61.95,29493
2024-08-13 21:00:00,61.62,61.62,61.62,61.62,100
2024-08-13 23:00:00,61.79,61.79,61.79,61.79,211
2024-08-14 12:00:00,61.96,62.26,61.6,61.85,14479
2024-08-14 13:00:00,62.24,62.75,61.45,61.59,298923
2024-08-14 14:00:00,61.55,61.89,60.61,61.4,883637
2024-08-14 15:00:00,61.4,61.73,61.27,61.69,302157
2024-08-14 16:00:00,61.68,61.72,60.65,61.01,514626
2024-08-14 17:00:00,60.97,61.49,60.95,61.45,357315
2024-08-14 18:00:00,61.4458,61.595,61.2703,61.55,233451
2024-08-14 19:00:00,61.54,61.63,61.315,61.5,691036
2024-08-14 20:00:00,61.51,62.27,61.51,62.27,31555
2024-08-14 21:00:00,61.51,61.51,61.51,61.51,24756
2024-08-14 22:00:00,62.5,62.5,62.5,62.5,100
2024-08-15 12:00:00,61.81,62.4149,61.51,61.6,50867
2024-08-15 13:00:00,62.49,62.74,61.91,62.715,503535
2024-08-15 14:00:00,62.74,62.85,62.13,62.79,495223
2024-08-15 15:00:00,62.79,63.125,62.69,63.03,795178
2024-08-15 16:00:00,63.02,63.23,62.93,63.02,633565
2024-08-15 17:00:00,63.01,63.42,62.96,63.36,451484
2024-08-15 18:00:00,63.345,63.75,63.255,63.69,654412
2024-08-15 19:00:00,63.68,63.68,63.31,63.5,1133504
2024-08-15 20:00:00,63.44,63.5,63.44,63.5,31599
2024-08-15 21:00:00,63.5,63.5,63.4804,63.4804,3766
2024-08-15 22:00:00,63.39,63.39,63.39,63.39,113
2024-08-15 23:00:00,63.58,63.75,63.58,63.75,1314
2024-08-16 08:00:00,64.0,64.02,63.71,63.8,860
2024-08-16 09:00:00,64.54,64.54,64.54,64.54,157
2024-08-16 10:00:00,64.19,64.19,64.19,64.19,323
2024-08-16 11:00:00,63.75,63.75,63.75,63.75,351
2024-08-16 12:00:00,63.5,63.5,62.86,62.87,876
2024-08-16 13:00:00,62.8613,63.75,62.8613,63.64,276374
2024-08-16 14:00:00,63.61,64.25,63.61,63.9,357158
2024-08-16 15:00:00,63.89,63.94,63.58,63.9,278547
2024-08-16 16:00:00,63.89,64.43,63.87,64.22,359668
2024-08-16 17:00:00,64.21,64.32,63.97,64.05,207344
2024-08-16 18:00:00,64.02,64.35,63.95,64.02,340630
2024-08-16 19:00:00,64.01,64.25,63.69,64.04,989677
2024-08-16 20:00:00,64.05,64.05,64.05,64.05,28282
2024-08-16 21:00:00,63.81,63.81,63.81,63.81,126
2024-08-16 22:00:00,64.04,64.04,64.04,64.04,100
2024-08-19 11:00:00,63.8,63.8,63.8,63.8,110
2024-08-19 12:00:00,64.4792,64.4792,64.2,64.2,250
2024-08-19 13:00:00,63.85,64.06,63.19,63.525,423060
2024-08-19 14:00:00,63.525,63.79,63.28,63.67,660608
2024-08-19 15:00:00,63.67,64.03,63.67,63.88,464167
2024-08-19 16:00:00,63.89,64.08,63.73,63.9979,280433
2024-08-19 17:00:00,63.99,64.725,63.97,64.7,404214
2024-08-19 18:00:00,64.705,64.97,64.6919,64.78,521628
2024-08-19 19:00:00,64.77,65.23,64.66,65.1,846192
2024-08-19 20:00:00,65.1,65.1,65.0,65.0,115751
2024-08-19 21:00:00,65.1,65.1,65.1,65.1,6490
2024-08-19 22:00:00,65.15,65.15,65.15,65.15,1000
2024-08-20 11:00:00,64.9,64.9,64.9,64.9,281
2024-08-20 12:00:00,64.53,64.53,64.53,64.53,119
2024-08-20 13:00:00,64.95,65.14,64.43,64.87,262342
2024-08-20 14:00:00,64.845,64.945,64.26,64.53,459221
2024-08-20 15:00:00,64.51,64.83,64.46,64.7,367322
2024-08-20 16:00:00,64.69,64.72,64.36,64.37,274827
2024-08-20 17:00:00,64.37,64.54,64.23,64.5,461703
2024-08-20 18:00:00,64.495,64.93,64.45,64.86,371090
2024-08-20 19:00:00,64.86,64.89,64.35,64.42,692907
2024-08-20 20:00:00,64.42,64.42,64.42,64.42,13301
2024-08-20 21:00:00,64.42,64.42,64.3408,64.4193,26587
2024-08-20 22:00:00,64.34,64.34,64.34,64.34,100
2024-08-21 12:00:00,64.43,64.43,64.43,64.43,104
2024-08-21 13:00:00,64.42,64.93,64.22,64.26,346470
2024-08-21 14:00:00,64.27,64.8525,64.09,64.27,417288
2024-08-21 15:00:00,64.27,64.46,64.1,64.15,547424
2024-08-21 16:00:00,64.1625,64.51,63.9,64.49,356567
2024-08-21 17:00:00,64.49,64.67,64.34,64.66,567900
2024-08-21 18:00:00,64.7,64.84,64.515,64.69,317032
2024-08-21 19:00:00,64.69,65.1,64.52,65.04,590785
2024-08-21 20:00:00,65.03,65.03,63.8533,64.75,264286
2024-08-21 21:00:00,65.03,65.03,65.03,65.03,111
2024-08-22 08:00:00,65.12,65.12,65.03,65.03,273
2024-08-22 12:00:00,65.2,65.2,65.02,65.02,240
2024-08-22 13:00:00,64.86,65.28,64.59,65.035,216288
2024-08-22 14:00:00,65.05,65.49,64.66,65.31,326580
2024-08-22 15:00:00,65.3,65.45,64.38,64.56,269397
2024-08-22 16:00:00,64.52,65.02,64.43,64.545,405609
2024-08-22 17:00:00,64.51,64.7463,64.05,64.08,200783
2024-08-22 18:00:00,64.06,64.46,63.94,64.225,375602
2024-08-22 19:00:00,64.25,64.44,63.85,64.04,1038567
2024-08-22 20:00:00,64.04,64.04,63.93,64.04,40340
2024-08-22 22:00:00,64.05,64.05,64.05,64.05,280
2024-08-23 11:00:00,64.32,64.32,64.3,64.3,977
2024-08-23 12:00:00,64.35,64.35,63.82,63.82,5260
2024-08-23 13:00:00,63.84,64.51,63.45,64.3,415130
2024-08-23 14:00:00,64.36,65.035,63.88,64.31,350490
2024-08-23 15:00:00,64.27,65.02,64.2,64.36,389671
2024-08-23 16:00:00,64.36,64.39,63.81,64.13,284201
2024-08-23 17:00:00,64.12,64.59,64.085,64.45,231264
2024-08-23 18:00:00,64.445,64.48,64.12,64.165,209041
2024-08-23 19:00:00,64.1523,64.5,64.07,64.34,792472
2024-08-23 20:00:00,64.35,64.35,64.3,64.3,30854
2024-08-26 09:00:00,64.41,64.41,64.36,64.36,397
2024-08-26 11:00:00,64.33,64.98,64.33,64.48,1534
2024-08-26 12:00:00,64.36,64.36,64.0,64.0,2470
2024-08-26 13:00:00,63.99,64.29,63.6235,64.075,269887
2024-08-26 14:00:00,64.08,64.12,62.59,63.01,618463
2024-08-26 15:00:00,62.985,63.15,62.6401,62.7,442318
2024-08-26 16:00:00,62.685,63.02,62.52,62.95,274565
2024-08-26 17:00:00,62.96,63.03,62.59,62.6399,261180
2024-08-26 18:00:00,62.6,62.79,62.48,62.725,240742
2024-08-26 19:00:00,62.71,62.82,62.43,62.68,782398
2024-08-26 20:00:00,62.69,62.69,62.22,62.4,42027
2024-08-26 21:00:00,62.69,62.69,62.69,62.69,18497
2024-08-26 23:00:00,62.55,62.55,62.55,62.55,400
2024-08-27 08:00:00,62.69,62.69,62.69,62.69,388
2024-08-27 10:00:00,62.55,62.55,62.55,62.55,155
2024-08-27 11:00:00,62.56,62.56,62.5,62.5,1262
2024-08-27 12:00:00,62.5,62.5,62.24,62.24,623
2024-08-27 13:00:00,61.82,62.0,61.16,61.62,635915
2024-08-27 14:00:00,61.595,62.82,61.47,62.76,809165
2024-08-27 15:00:00,62.778,62.865,62.375,62.79,685788
2024-08-27 16:00:00,62.79,62.98,62.6,62.78,328108
2024-08-27 17:00:00,62.79,63.1,62.77,62.94,374856
2024-08-27 18:00:00,62.945,63.04,62.82,63.02,320261
2024-08-27 19:00:00,63.0,63.09,62.76,62.87,990335
2024-08-27 20:00:00,62.85,62.89,62.85,62.85,44487
2024-08-27 21:00:00,62.86,62.86,62.86,62.86,500
2024-08-27 23:00:00,62.85,62.85,62.85,62.85,100
2024-08-28 09:00:00,62.86,62.86,62.86,62.86,200
2024-08-28 10:00:00,62.86,62.86,62.86,62.86,102
2024-08-28 11:00:00,62.87,62.87,62.87,62.87,102
2024-08-28 13:00:00,62.85,62.85,62.05,62.26,322959
2024-08-28 14:00:00,62.25,62.71,62.17,62.41,982655
2024-08-28 15:00:00,62.4,62.41,61.11,61.96,762686
2024-08-28 16:00:00,61.94,62.34,61.77,62.28,418264
2024-08-28 17:00:00,62.29,62.41,61.85,61.86,189818
2024-08-28 18:00:00,61.865,62.3595,61.845,62.3595,301709
2024-08-28 19:00:00,62.33,62.635,62.18,62.39,786270
2024-08-28 20:00:00,62.43,62.43,60.0,60.065,46783
2024-08-28 21:00:00,62.43,62.43,61.0,62.1,83174
2024-08-28 22:00:00,61.75,61.75,60.5353,60.5353,533
2024-08-29 09:00:00,62.79,64.06,62.4,63.17,10283
2024-08-29 10:00:00,63.1,63.1,62.2,62.2,3174
2024-08-29 11:00:00,62.2,62.43,62.2,62.43,1460
2024-08-29 12:00:00,61.68,61.68,61.68,61.68,282
2024-08-29 13:00:00,63.05,64.04,63.05,63.875,632220
2024-08-29 14:00:00,63.89,64.22,63.41,63.82,619691
2024-08-29 15:00:00,63.85,64.22,63.8,63.8,336700
2024-08-29 16:00:00,63.81,63.93,63.45,63.61,339755
2024-08-29 17:00:00,63.6,63.685,63.2824,63.68,265824
2024-08-29 18:00:00,63.675,63.675,62.2,62.68,683213
2024-08-29 19:00:00,62.65,63.11,62.52,63.06,835848
2024-08-29 20:00:00,63.03,63.4,63.03,63.4,54371
2024-08-29 21:00:00,63.03,63.03,63.03,63.03,47784
2024-08-29 22:00:00,63.06,63.06,63.06,63.06,200
2024-08-30 12:00:00,63.65,63.65,63.53,63.53,624
2024-08-30 13:00:00,64.02,64.68,63.45,64.39,293331
2024-08-30 14:00:00,64.38,64.53,63.99,64.365,525000
2024-08-30 15:00:00,64.365,64.64,64.17,64.48,442160
2024-08-30 16:00:00,64.43,64.6688,64.165,64.6688,409109
2024-08-30 17:00:00,64.67,64.88,64.46,64.69,445347
2024-08-30 18:00:00,64.68,65.34,64.65,65.32,562060
2024-08-30 19:00:00,65.31,65.69,65.03,65.59,1211018
2024-08-30 20:00:00,65.59,65.6,65.4,65.59,129056
2024-08-30 22:00:00,65.85,65.85,65.85,65.85,175
2024-09-03 08:00:00,65.61,65.61,65.6,65.6,375
2024-09-03 09:00:00,64.99,65.0,64.8,64.8,1754
2024-09-03 10:00:00,64.79,64.8,64.58,64.78,12820
2024-09-03 12:00:00,65.0,65.59,65.0,65.59,1383
2024-09-03 13:00:00,64.56,64.56,63.59,63.68,541859
2024-09-03 14:00:00,63.655,63.79,62.38,62.38,837563
2024-09-03 15:00:00,62.34,62.96,62.315,62.37,728762
2024-09-03 16:00:00,62.38,62.595,62.2,62.4,471735
2024-09-03 17:00:00,62.405,62.9,62.365,62.71,429128
2024-09-03 18:00:00,62.72,62.94,62.39,62.86,595715
2024-09-03 19:00:00,62.88,63.19,62.73,63.07,1368782
2024-09-03 20:00:00,63.06,63.06,63.0,63.0,41296
2024-09-03 21:00:00,62.99,63.06,62.99,63.06,239929
2024-09-04 09:00:00,62.46,62.46,62.46,62.46,100
2024-09-04 13:00:00,62.26,63.06,61.47,62.56,632468
2024-09-04 14:00:00,62.56,63.35,61.92,63.31,699010
2024-09-04 15:00:00,63.31,63.48,62.97,63.06,340740
2024-09-04 16:00:00,63.08,63.81,63.02,63.69,197854
2024-09-04 17:00:00,63.71,63.76,63.55,63.58,166693
2024-09-04 18:00:00,63.6,63.64,62.9,62.93,409386
2024-09-04 19:00:00,62.895,63.18,62.79,62.95,680671
2024-09-04 20:00:00,62.95,63.44,62.95,63.44,30630
2024-09-04 21:00:00,62.95,62.95,62.95,62.95,2559
2024-09-05 13:00:00,62.39,63.1,62.39,62.815,187636
2024-09-05 14:00:00,62.84,63.595,62.815,62.98,302372
2024-09-05 15:00:00,62.9,63.01,62.45,62.52,184520
2024-09-05 16:00:00,62.5294,62.7,62.39,62.53,263623
2024-09-05 17:00:00,62.52,63.0,62.4,63.0,154333
2024-09-05 18:00:00,63.01,63.05,62.75,62.84,284046
2024-09-05 19:00:00,62.82,62.86,62.43,62.62,490169
2024-09-05 20:00:00,62.61,62.61,62.27,62.27,40256
2024-09-05 21:00:00,62.4,62.61,62.4,62.61,39285
2024-09-06 12:00:00,61.75,62.44,61.75,62.44,2458
2024-09-06 13:00:00,62.24,62.52,61.165,61.18,360184
2024-09-06 14:00:00,61.17,61.56,60.45,60.59,620867
2024-09-06 15:00:00,60.59,61.12,60.26,60.53,523899
2024-09-06 16:00:00,60.5,60.59,60.0,60.1901,414170
2024-09-06 17:00:00,60.17,61.0,60.095,60.765,403658
2024-09-06 18:00:00,60.79,60.81,60.56,60.8,255842
2024-09-06 19:00:00,60.79,61.08,60.69,60.79,822679
2024-09-06 20:00:00,60.77,60.77,60.77,60.77,276458
2024-09-09 13:00:00,61.59,61.99,61.405,61.78,398401
2024-09-09 14:00:00,61.765,62.015,61.52,61.64,502216
2024-09-09 15:00:00,61.635,62.25,61.55,62.2375,700688
2024-09-09 16:00:00,62.23,62.56,62.21,62.37,316135
2024-09-09 17:00:00,62.37,62.42,62.105,62.16,571587
2024-09-09 18:00:00,62.165,62.37,61.97,62.35,257915
2024-09-09 19:00:00,62.36,62.78,62.26,62.62,910433
2024-09-09 20:00:00,62.61,62.61,62.61,62.61,60882
2024-09-10 13:00:00,63.7017,63.7017,62.05,62.695,361393
2024-09-10 14:00:00,62.69,62.83,62.21,62.64,412781
2024-09-10 15:00:00,62.64,62.73,62.43,62.43,247137
2024-09-10 16:00:00,62.44,62.69,62.3,62.3,553378
2024-09-10 17:00:00,62.3,63.01,62.29,62.83,186812
2024-09-10 18:00:00,62.85,63.33,62.82,63.01,335239
2024-09-10 19:00:00,63.0,63.045,62.67,62.8,690513
2024-09-10 20:00:00,62.79,62.79,62.79,62.79,91524
2024-09-11 13:00:00,62.69,63.45,62.15,62.26,339852
2024-09-11 14:00:00,62.24,62.33,60.95,61.53,555283
2024-09-11 15:00:00,61.53,62.025,61.44,61.755,242060
2024-09-11 16:00:00,61.775,62.115,61.69,62.02,222949
2024-09-11 17:00:00,62.045,62.5099,62.025,62.3,230438
2024-09-11 18:00:00,62.29,62.96,62.18,62.82,278206
2024-09-11 19:00:00,62.81,63.415,62.7,63.26,1036375
2024-09-11 20:00:00,63.31,63.31,63.31,63.31,73908
2024-09-12 11:00:00,63.3,63.3,63.3,63.3,120
2024-09-12 12:00:00,63.5,63.5,63.31,63.439,4952
2024-09-12 13:00:00,63.31,63.31,62.3425,62.805,504554
2024-09-12 14:00:00,62.82,63.27,62.51,62.6,593655
2024-09-12 15:00:00,62.62,63.28,62.56,63.06,441861
2024-09-12 16:00:00,63.06,63.73,63.05,63.7,267019
2024-09-12 17:00:00,63.73,64.02,63.52,63.88,322431
2024-09-12 18:00:00,63.88,64.0999,63.07,63.485,501113
2024-09-12 19:00:00,63.475,63.53,63.18,63.26,869502
2024-09-12 20:00:00,63.25,63.25,63.25,63.25,52597
2024-09-12 21:00:00,63.44,63.5,63.44,63.5,2697
2024-09-13 12:00:00,63.5,63.5,63.5,63.5,136
2024-09-13 13:00:00,63.25,64.65,63.25,64.48,263289
2024-09-13 14:00:00,64.54,64.92,64.26,64.675,553621
2024-09-13 15:00:00,64.67,64.9,64.55,64.81,340545
2024-09-13 16:00:00,64.82,64.93,64.66,64.875,243044
2024-09-13 17:00:00,64.885,64.965,64.8,64.86,235163
2024-09-13 18:00:00,64.8501,65.09,64.65,64.97,349198
2024-09-13 19:00:00,64.975,65.14,64.785,65.03,872097
2024-09-13 20:00:00,65.02,65.02,64.95,65.02,79461
2024-09-13 21:00:00,65.02,65.02,65.02,65.02,33665
2024-09-16 11:00:00,64.33,64.33,64.33,64.33,250
2024-09-16 12:00:00,64.31,64.35,63.98,63.98,7168
2024-09-16 13:00:00,64.07,64.31,63.32,63.7,561399
2024-09-16 14:00:00,63.725,64.15,63.27,63.63,636995
2024-09-16 15:00:00,63.615,63.68,63.36,63.59,229056
2024-09-16 16:00:00,63.6,63.87,63.49,63.63,190027
2024-09-16 17:00:00,63.64,63.79,63.51,63.79,177164
2024-09-16 18:00:00,63.79,63.98,63.75,63.965,387670
2024-09-16 19:00:00,63.94,64.33,63.8,64.05,841159
2024-09-16 20:00:00,64.09,64.09,64.02,64.02,32184
2024-09-16 21:00:00,64.09,64.09,64.09,64.09,17261
2024-09-17 12:00:00,64.2,64.2,64.2,64.2,196
2024-09-17 13:00:00,64.67,65.19,64.43,65.075,276274
2024-09-17 14:00:00,65.06,66.25,65.06,65.82,604629
2024-09-17 15:00:00,65.83,66.14,65.6,65.74,479673
2024-09-17 16:00:00,65.75,65.85,65.1596,65.44,391445
2024-09-17 17:00:00,65.44,65.725,65.345,65.69,317173
2024-09-17 18:00:00,65.68,65.81,65.49,65.64,343279
2024-09-17 19:00:00,65.63,65.98,65.6101,65.9,1081345
2024-09-17 20:00:00,65.89,65.89,65.2725,65.89,33448
2024-09-17 23:00:00,65.8835,65.8835,65.8835,65.8835,300
2024-09-18 09:00:00,65.88,65.88,65.88,65.88,151
2024-09-18 11:00:00,65.52,65.52,65.49,65.5,8299
2024-09-18 12:00:00,65.43,65.5,65.38,65.4,10592
2024-09-18 13:00:00,65.4,66.05,65.16,65.945,293595
2024-09-18 14:00:00,65.97,65.97,65.62,65.85,342755
2024-09-18 15:00:00,65.84,65.925,65.3,65.31,243168
2024-09-18 16:00:00,65.28,65.635,65.25,65.55,190753
2024-09-18 17:00:00,65.54,65.55,64.685,64.7,568588
2024-09-18 18:00:00,64.67,65.9,64.31,64.86,851889
2024-09-18 19:00:00,64.85,64.97,64.105,64.41,1314777
2024-09-18 20:00:00,64.42,64.42,64.42,64.42,37072
2024-09-18 22:00:00,64.75,65.3015,64.43,65.3015,843
2024-09-19 11:00:00,66.06,66.59,65.99,66.5,9636
2024-09-19 12:00:00,66.2,66.2,66.02,66.02,393
2024-09-19 13:00:00,66.25,66.58,65.36,65.74,419110
2024-09-19 14:00:00,65.75,66.49,65.73,65.83,685394
2024-09-19 15:00:00,65.84,66.01,65.6215,65.805,314948
2024-09-19 16:00:00,65.78,66.38,65.76,66.37,542713
2024-09-19 17:00:00,66.39,66.52,66.225,66.5,212482
2024-09-19 18:00:00,66.505,66.52,65.97,66.1579,381317
2024-09-19 19:00:00,66.14,66.23,65.67,65.94,1022695
2024-09-19 20:00:00,65.97,65.97,65.97,65.97,31997
2024-09-19 21:00:00,65.97,65.97,65.1,65.1,48209
2024-09-19 22:00:00,65.37,65.5441,65.37,65.5441,300
2024-09-20 12:00:00,65.8425,65.8425,65.8425,65.8425,100
2024-09-20 13:00:00,65.33,66.15,64.98,65.77,516346
2024-09-20 14:00:00,65.77,66.0614,65.67,65.73,369164
2024-09-20 15:00:00,65.72,65.735,65.2,65.58,463294
2024-09-20 16:00:00,65.57,65.925,65.57,65.915,161213
2024-09-20 17:00:00,65.92,66.08,65.7501,65.77,189126
2024-09-20 18:00:00,65.775,66.0753,65.63,66.02,350185
2024-09-20 19:00:00,66.02,66.88,65.93,66.77,1446319
2024-09-20 20:00:00,66.75,66.76,66.73,66.75,196579
2024-09-20 21:00:00,66.75,66.76,66.75,66.76,10956
2024-09-23 12:00:00,66.7,66.75,66.7,66.75,1738
2024-09-23 13:00:00,67.13,67.37,66.75,66.8,398361
2024-09-23 14:00:00,66.79,67.25,66.67,66.85,311776
2024-09-23 15:00:00,66.83,67.0,66.63,66.895,155083
2024-09-23 16:00:00,66.85,66.89,66.515,66.65,146273
2024-09-23 17:00:00,66.63,66.72,66.5,66.605,409099
2024-09-23 18:00:00,66.6,66.685,66.49,66.54,215358
2024-09-23 19:00:00,66.54,66.59,66.28,66.29,455523
2024-09-23 20:00:00,66.29,66.3,66.29,66.29,89016
2024-09-23 21:00:00,66.3,66.3,66.3,66.3,220
2024-09-23 23:00:00,66.29,66.29,66.29,66.29,2448
2024-09-24 10:00:00,66.3,66.31,66.3,66.31,410
2024-09-24 12:00:00,66.2196,66.29,66.2196,66.29,1530
2024-09-24 13:00:00,66.7,66.86,64.42,64.59,879499
2024-09-24 14:00:00,64.59,65.68,64.19,65.665,1045662
2024-09-24 15:00:00,65.665,66.72,65.65,66.5,617167
2024-09-24 16:00:00,66.48,66.56,66.12,66.29,402143
2024-09-24 17:00:00,66.275,66.42,66.05,66.16,523408
2024-09-24 18:00:00,66.17,66.46,66.045,66.195,567055
2024-09-24 19:00:00,66.195,66.69,66.15,66.45,1336019
2024-09-24 20:00:00,66.46,66.49,66.46,66.49,28759
2024-09-24 21:00:00,66.1201,66.46,66.1201,66.46,1070
2024-09-24 22:00:00,66.4499,66.45,66.4499,66.45,371
2024-09-24 23:00:00,66.5,66.5,66.5,66.5,374
2024-09-25 13:00:00,65.81,66.34,65.26,66.025,339519
2024-09-25 14:00:00,66.03,66.32,66.0,66.02,368895
2024-09-25 15:00:00,66.035,66.21,65.64,65.77,425099
2024-09-25 16:00:00,65.76,65.97,65.62,65.705,357298
2024-09-25 17:00:00,65.7,66.16,65.57,66.145,275095
2024-09-25 18:00:00,66.145,66.205,65.89,66.03,343882
2024-09-25 19:00:00,66.02,66.08,65.67,65.99,985062
2024-09-25 20:00:00,66.0,69.18,66.0,69.18,232215
2024-09-25 21:00:00,69.19,69.2394,68.5,68.537,15761
2024-09-25 22:00:00,68.77,69.79,68.77,69.37,28083
2024-09-25 23:00:00,69.45,70.36,69.45,70.2,22178
2024-09-26 08:00:00,69.62,71.0,69.56,70.95,2298
2024-09-26 09:00:00,70.27,70.36,70.27,70.36,580
2024-09-26 10:00:00,70.4,70.97,70.35,70.5,5116
2024-09-26 11:00:00,70.6,71.12,70.6,71.0,12253
2024-09-26 12:00:00,70.7,71.85,70.58,71.85,55889
2024-09-26 13:00:00,71.8,71.8,69.27,69.81,2291283
2024-09-26 14:00:00,69.815,70.37,68.55,68.73,1615080
2024-09-26 15:00:00,68.72,69.7325,68.51,69.66,887978
2024-09-26 16:00:00,69.665,69.87,69.36,69.61,398415
2024-09-26 17:00:00,69.6,70.035,69.54,69.935,660375
2024-09-26 18:00:00,69.945,70.51,69.81,70.485,573357
2024-09-26 19:00:00,70.49,70.87,70.32,70.47,1534608
2024-09-26 20:00:00,70.46,70.46,70.38,70.46,72827
2024-09-26 21:00:00,70.46,70.49,70.46,70.49,1304
2024-09-26 22:00:00,70.4,70.43,70.4,70.43,298
2024-09-26 23:00:00,70.43,70.43,70.43,70.43,207
2024-09-27 10:00:00,70.0,70.0,70.0,70.0,250
2024-09-27 13:00:00,70.46,70.46,69.04,69.51,331543
2024-09-27 14:00:00,69.5,69.8575,69.035,69.15,570762
2024-09-27 15:00:00,69.14,69.25,68.825,68.97,466383
2024-09-27 16:00:00,68.99,69.53,68.99,69.48,154386
2024-09-27 17:00:00,69.46,69.84,69.37,69.755,194511
2024-09-27 18:00:00,69.755,69.768,69.085,69.635,311247
2024-09-27 19:00:00,69.63,69.735,69.3,69.42,790034
2024-09-27 20:00:00,69.42,69.42,69.42,69.42,29730
2024-09-27 21:00:00,69.42,69.42,69.42,69.42,24487
2024-09-27 22:00:00,69.02,69.02,69.01,69.01,478
2024-09-30 12:00:00,68.65,68.65,68.65,68.65,175
2024-09-30 13:00:00,68.61,69.56,68.58,69.01,404553
2024-09-30 14:00:00,68.98,69.22,68.64,68.69,757738
2024-09-30 15:00:00,68.68,69.12,68.58,68.61,645311
2024-09-30 16:00:00,68.61,68.765,68.47,68.68,248408
2024-09-30 17:00:00,68.685,68.685,68.31,68.565,193531
2024-09-30 18:00:00,68.565,68.6,67.98,68.39,346528
2024-09-30 19:00:00,68.36,68.48,68.01,68.33,980333
2024-09-30 20:00:00,68.29,68.29,68.17,68.29,145136
2024-09-30 22:00:00,68.28,68.28,68.28,68.28,100
2024-10-01 12:00:00,68.2505,68.29,68.2505,68.29,8799
2024-10-01 13:00:00,68.09,68.27,66.91,67.47,231827
2024-10-01 14:00:00,67.47,67.635,66.865,67.37,560067
2024-10-01 15:00:00,67.36,67.62,66.91,67.157,312254
2024-10-01 16:00:00,67.1,67.24,66.52,66.82,221177
2024-10-01 17:00:00,66.81,66.95,66.48,66.92,192729
2024-10-01 18:00:00,66.96,67.15,66.84,66.865,327096
2024-10-01 19:00:00,66.87,67.145,66.71,66.76,671569
2024-10-01 20:00:00,66.76,66.94,66.75,66.75,109043
2024-10-01 21:00:00,66.76,66.76,66.76,66.76,31422
2024-10-01 22:00:00,66.5576,66.5576,66.5576,66.5576,100
2024-10-02 11:00:00,66.6,66.6,66.6,66.6,369
2024-10-02 12:00:00,67.7515,67.7515,67.7515,67.7515,201
2024-10-02 13:00:00,66.2709,67.3,66.2709,67.14,227697
2024-10-02 14:00:00,67.13,67.81,67.1,67.41,315173
2024-10-02 15:00:00,67.4,67.67,67.33,67.375,185408
2024-10-02 16:00:00,67.38,68.1,67.25,67.37,631494
2024-10-02 17:00:00,67.35,67.425,67.17,67.3,149661
2024-10-02 18:00:00,67.29,67.32,66.77,66.975,254161
2024-10-02 19:00:00,66.96,67.0,66.42,66.51,1451816
2024-10-02 20:00:00,66.52,66.52,66.45,66.47,51302
2024-10-03 12:00:00,66.52,66.52,66.52,66.52,550
2024-10-03 13:00:00,66.0,67.46,65.815,67.35,541922
2024-10-03 14:00:00,67.34,67.675,66.41,66.42,842762
2024-10-03 15:00:00,66.38,66.54,66.19,66.23,346089
2024-10-03 16:00:00,66.2499,66.35,65.97,66.08,287950
2024-10-03 17:00:00,66.085,66.605,65.93,66.555,261607
2024-10-03 18:00:00,66.55,66.555,66.26,66.4601,357609
2024-10-03 19:00:00,66.45,66.63,66.29,66.59,857608
2024-10-03 20:00:00,66.58,66.7,66.58,66.7,62415
2024-10-03 21:00:00,66.7,66.7,66.7,66.7,684
2024-10-03 22:00:00,66.7,66.7,66.7,66.7,2620
2024-10-04 12:00:00,67.1,67.42,67.1,67.42,1204
2024-10-04 13:00:00,67.83,68.0,66.83,66.9075,304778
2024-10-04 14:00:00,66.9,66.93,66.165,66.47,675689
2024-10-04 15:00:00,66.45,66.5,65.89,66.17,462989
2024-10-04 16:00:00,66.19,66.47,65.94,66.21,403070
2024-10-04 17:00:00,66.2,66.23,65.92,66.01,433013
2024-10-04 18:00:00,66.02,66.31,66.0,66.25,350659
2024-10-04 19:00:00,66.24,66.69,66.195,66.34,1341313
2024-10-04 20:00:00,66.35,66.5,66.28,66.35,189466
2024-10-07 11:00:00,65.99,66.0,65.99,66.0,389
2024-10-07 12:00:00,65.9,65.9,65.9,65.9,100
2024-10-07 13:00:00,66.27,66.74,66.06,66.14,212258
2024-10-07 14:00:00,66.14,66.315,65.91,66.17,336387
2024-10-07 15:00:00,66.14,66.68,65.87,66.61,377744
2024-10-07 16:00:00,66.6,66.76,66.43,66.74,298414
2024-10-07 17:00:00,66.74,67.28,66.7,67.25,314635
2024-10-07 18:00:00,67.245,67.26,66.2,66.215,475984
2024-10-07 19:00:00,66.21,66.62,66.17,66.42,764252
2024-10-07 20:00:00,66.44,66.59,66.16,66.527,54019
2024-10-07 21:00:00,66.44,66.48,66.44,66.44,57386
2024-10-07 22:00:00,66.44,66.44,66.44,66.44,160
2024-10-08 09:00:00,66.43,66.44,66.43,66.44,756
2024-10-08 11:00:00,66.8,66.8,66.8,66.8,256
2024-10-08 12:00:00,66.74,67.19,66.74,67.1758,2420
2024-10-08 13:00:00,66.56,66.69,65.84,66.35,255974
2024-10-08 14:00:00,66.35,66.75,66.28,66.34,520064
2024-10-08 15:00:00,66.37,66.42,65.85,66.16,892238
2024-10-08 16:00:00,66.14,66.19,65.76,65.93,266205
2024-10-08 17:00:00,65.93,65.945,65.68,65.835,276814
2024-10-08 18:00:00,65.84,66.06,65.81,66.0199,212848
2024-10-08 19:00:00,66.015,66.31,65.98,66.16,787062
2024-10-08 20:00:00,66.17,66.17,66.07,66.07,19028
2024-10-08 21:00:00,66.07,66.07,66.07,66.07,252
2024-10-09 10:00:00,66.18,66.18,66.17,66.17,433
2024-10-09 11:00:00,66.02,66.02,66.02,66.02,242
2024-10-09 12:00:00,66.12,66.12,65.79,65.8,4407
2024-10-09 13:00:00,65.86,65.86,64.155,64.58,517615
2024-10-09 14:00:00,64.61,65.08,64.38,65.03,544615
2024-10-09 15:00:00,65.04,65.45,64.89,65.43,379389
2024-10-09 16:00:00,65.43,65.43,64.98,65.14,261009
2024-10-09 17:00:00,65.15,65.31,64.96,65.0501,283535
2024-10-09 18:00:00,65.04,65.14,64.71,64.77,452972
2024-10-09 19:00:00,64.76,64.805,64.41,64.47,1208016
2024-10-09 20:00:00,64.48,64.48,64.43,64.43,22303
2024-10-09 21:00:00,64.48,64.5,64.48,64.5,116946
2024-10-09 22:00:00,64.4999,64.4999,64.4999,64.4999,500
2024-10-09 23:00:00,64.44,64.44,64.44,64.44,200
2024-10-10 13:00:00,64.0,64.375,63.45,64.23,331604
2024-10-10 14:00:00,64.21,64.48,63.95,64.29,342191
2024-10-10 15:00:00,64.3099,64.84,64.15,64.775,327394
2024-10-10 16:00:00,64.76,64.895,64.43,64.465,308486
2024-10-10 17:00:00,64.47,64.61,64.2,64.345,260369
2024-10-10 18:00:00,64.3556,64.3556,64.035,64.25,245703
2024-10-10 19:00:00,64.215,64.251,63.905,64.05,781207
2024-10-10 20:00:00,64.05,64.05,63.99,63.99,59141
2024-10-10 21:00:00,64.01,64.03,64.01,64.03,1062
2024-10-10 22:00:00,64.01,64.01,64.01,64.01,100
2024-10-11 12:00:00,64.01,64.03,63.9,63.9,3120
2024-10-11 13:00:00,64.641,65.1476,63.68,64.86,1225449
2024-10-11 14:00:00,64.83,65.37,64.6,64.785,395862
2024-10-11 15:00:00,64.765,64.78,64.57,64.7,182293
2024-10-11 16:00:00,64.69,64.69,64.17,64.275,205796
2024-10-11 17:00:00,64.28,64.42,64.18,64.39,173831
2024-10-11 18:00:00,64.39,64.45,64.28,64.36,214210
2024-10-11 19:00:00,64.35,64.95,64.35,64.87,836939
2024-10-11 20:00:00,64.88,64.96,64.83,64.96,20928
2024-10-11 21:00:00,64.8318,64.8318,64.8318,64.8318,223
2024-10-11 23:00:00,64.84,64.84,64.84,64.84,150
2024-10-14 08:00:00,64.89,64.89,64.89,64.89,101
2024-10-14 10:00:00,64.98,64.98,64.98,64.98,232
2024-10-14 12:00:00,65.1,66.3184,65.1,66.06,10165
2024-10-14 13:00:00,65.92,66.78,65.4,66.49,484151
2024-10-14 14:00:00,66.47,66.6899,66.14,66.28,506667
2024-10-14 15:00:00,66.28,66.45,66.04,66.23,299482
2024-10-14 16:00:00,66.22,66.45,66.2,66.43,226694
2024-10-14 17:00:00,66.43,66.7425,66.42,66.535,298840
2024-10-14 18:00:00,66.535,66.685,66.41,66.54,462191
2024-10-14 19:00:00,66.54,66.89,66.455,66.82,1041555
2024-10-14 20:00:00,66.83,66.9895,66.0,66.8,31534
2024-10-14 21:00:00,66.83,66.83,66.8006,66.83,33487
2024-10-15 09:00:00,66.59,66.59,66.59,66.59,500
2024-10-15 13:00:00,66.7,68.535,66.7,68.47,550119
2024-10-15 14:00:00,68.47,68.725,66.86,67.63,1255448
2024-10-15 15:00:00,67.63,68.3,67.39,68.05,827145
2024-10-15 16:00:00,68.07,68.3299,67.91,67.94,401815
2024-10-15 17:00:00,67.936,68.12,67.77,67.78,297760
2024-10-15 18:00:00,67.77,67.81,67.12,67.12,289904
2024-10-15 19:00:00,67.14,67.22,66.85,66.96,824254
2024-10-15 20:00:00,66.95,66.95,66.6845,66.95,60020
2024-10-15 21:00:00,66.4001,66.4001,66.4001,66.4001,170
2024-10-16 12:00:00,67.3488,67.3488,67.3488,67.3488,870
2024-10-16 13:00:00,67.2,67.42,66.52,66.98,183693
2024-10-16 14:00:00,67.0,68.01,66.89,67.815,402494
2024-10-16 15:00:00,67.82,68.06,67.39,67.42,468803
2024-10-16 16:00:00,67.42,67.66,67.335,67.65,399555
2024-10-16 17:00:00,67.66,67.77,67.53,67.68,135936
2024-10-16 18:00:00,67.68,68.0145,67.65,67.83,432271
2024-10-16 19:00:00,67.83,68.05,67.74,67.78,812575
2024-10-16 20:00:00,67.79,68.1,67.79,68.1,975532
2024-10-17 10:00:00,69.0,69.0,69.0,69.0,381
2024-10-17 11:00:00,68.92,69.0,68.92,69.0,1084
2024-10-17 12:00:00,69.01,69.3675,69.0,69.3675,2647
2024-10-17 13:00:00,69.3,69.3,68.2,68.3,335502
2024-10-17 14:00:00,68.31,68.71,68.11,68.23,343106
2024-10-17 15:00:00,68.275,68.39,68.085,68.3,227622
2024-10-17 16:00:00,68.31,68.41,67.94,67.99,192830
2024-10-17 17:00:00,67.9901,68.1,67.76,67.79,237821
2024-10-17 18:00:00,67.78,67.83,67.38,67.57,206396
2024-10-17 19:00:00,67.575,67.68,67.15,67.35,714157
2024-10-17 20:00:00,67.35,67.36,67.26,67.36,26455
2024-10-17 22:00:00,67.46,67.46,67.46,67.46,104
2024-10-18 13:00:00,68.02,68.2,67.46,67.8,279658
2024-10-18 14:00:00,67.78,68.1525,67.32,67.335,323082
2024-10-18 15:00:00,67.32,67.51,67.23,67.33,163811
2024-10-18 16:00:00,67.34,67.34,67.115,67.2,138487
2024-10-18 17:00:00,67.19,67.26,66.81,66.89,336535
2024-10-18 18:00:00,66.857713,66.92,66.68,66.72,266129
2024-10-18 19:00:00,66.72,67.21,66.66,67.04,717655
2024-10-18 20:00:00,67.03,67.03,66.99,67.03,121372
2024-10-21 08:00:00,67.31,67.31,67.31,67.31,112
2024-10-21 10:00:00,67.42,67.43,67.42,67.43,400
2024-10-21 11:00:00,67.01,67.1,66.5,66.5,12361
2024-10-21 12:00:00,66.58,66.7,66.58,66.7,2049
2024-10-21 13:00:00,66.67,66.73,66.07,66.26,429741
2024-10-21 14:00:00,66.25,66.9,66.25,66.55,438055
2024-10-21 15:00:00,66.55,66.8392,66.28,66.7,354275
2024-10-21 16:00:00,66.69,66.96,66.6609,66.88,529657
2024-10-21 17:00:00,66.88,67.66,66.87,67.29,679037
2024-10-21 18:00:00,67.295,67.57,67.295,67.4,619171
2024-10-21 19:00:00,67.39,67.415,66.95,67.25,1397096
2024-10-21 20:00:00,67.26,67.5,67.0,67.0,52736
2024-10-21 21:00:00,67.26,67.26,67.26,67.26,23740
2024-10-21 23:00:00,67.56,67.56,67.56,67.56,247
2024-10-22 09:00:00,67.05,67.05,67.05,67.05,126
2024-10-22 12:00:00,66.78,67.01,66.78,66.8,1569
2024-10-22 13:00:00,66.77,67.12,66.345,66.4,315299
2024-10-22 14:00:00,66.4,66.56,65.96,66.4,424847
2024-10-22 15:00:00,66.385,66.745,66.27,66.48,271710
2024-10-22 16:00:00,66.48,66.87,66.3,66.87,324932
2024-10-22 17:00:00,66.88,67.29,66.86,67.13,1279547
2024-10-22 18:00:00,67.13,67.64,67.025,67.525,691765
2024-10-22 19:00:00,67.52,68.17,67.5,67.77,1537517
2024-10-22 20:00:00,67.76,67.76,66.22,67.29,990949
2024-10-22 21:00:00,67.933,67.933,67.76,67.76,18187
2024-10-22 22:00:00,67.05,67.5,67.0,67.5,1260
2024-10-22 23:00:00,67.21,67.21,67.21,67.21,442
2024-10-23 11:00:00,66.9,66.9,66.7,66.75,1407
2024-10-23 12:00:00,66.62,66.86,66.62,66.86,2083
2024-10-23 13:00:00,67.12,67.785,66.1,66.595,532567
2024-10-23 14:00:00,66.605,67.53,66.03,67.235,1116581
2024-10-23 15:00:00,67.2,67.32,66.74,66.915,289628
2024-10-23 16:00:00,66.905,66.905,66.24,66.405,273469
2024-10-23 17:00:00,66.39,66.39,65.93,66.23,329723
2024-10-23 18:00:00,66.235,66.57,66.0541,66.42,475531
2024-10-23 19:00:00,66.43,67.03,66.41,66.6,1055114
2024-10-23 20:00:00,66.61,67.12,66.61,66.61,26585
2024-10-23 21:00:00,67.14,67.14,66.61,66.61,468130
2024-10-23 22:00:00,67.0986,67.0999,67.0986,67.0999,508
2024-10-23 23:00:00,66.79,66.79,66.79,66.79,400
2024-10-24 08:00:00,67.1,67.1,67.1,67.1,200
2024-10-24 11:00:00,67.46,67.6,67.43,67.5,2644
2024-10-24 12:00:00,67.55,67.8149,67.25,67.44,1623
2024-10-24 13:00:00,67.55,67.55,66.265,66.52,607426
2024-10-24 14:00:00,66.49,67.075,66.455,66.635,890185
2024-10-24 15:00:00,66.635,66.85,66.485,66.62,514641
2024-10-24 16:00:00,66.625,66.69,66.2,66.49,657152
2024-10-24 17:00:00,66.49,66.7,66.2,66.2,538578
2024-10-24 18:00:00,66.205,66.55,66.2,66.435,599197
2024-10-24 19:00:00,66.435,66.505,66.21,66.46,1928142
2024-10-24 20:00:00,66.32,72.743,65.0,72.26,1198174
2024-10-24 21:00:00,72.2994,72.65,71.88,71.99,195949
2024-10-24 22:00:00,71.99,72.0,71.5,71.9899,31593
2024-10-24 23:00:00,71.9899,72.94,71.86,72.5229,31095
2024-10-25 08:00:00,72.49,73.5,72.49,73.35,16460
2024-10-25 09:00:00,73.81,74.65,73.81,74.21,10635
2024-10-25 10:00:00,73.85,74.14,73.57,73.92,5480
2024-10-25 11:00:00,73.93,74.0,72.99,73.96,100717
2024-10-25 12:00:00,73.9207,75.85,72.69,74.4801,222884
2024-10-25 13:00:00,74.48,74.5,71.12,72.26,4496884
2024-10-25 14:00:00,72.22,73.2,71.29,72.63,3870844
2024-10-25 15:00:00,72.605,72.87,71.2,71.645,1398954
2024-10-25 16:00:00,71.645,71.86,70.8103,70.98,951411
2024-10-25 17:00:00,70.962,71.11,69.91,69.935,1182314
2024-10-25 18:00:00,69.95,70.48,69.684,70.07,999899
2024-10-25 19:00:00,70.06,70.4,69.3201,69.455,2278173
2024-10-25 20:00:00,69.45,69.45,69.1652,69.25,60159
2024-10-25 21:00:00,69.27,69.45,69.22,69.33,39863
2024-10-25 22:00:00,69.44,69.44,69.32,69.32,2223
2024-10-25 23:00:00,69.4396,69.55,69.2416,69.49,3398
2024-10-28 09:00:00,70.12,70.12,70.12,70.12,683
2024-10-28 10:00:00,70.09,70.1,70.09,70.09,966
2024-10-28 11:00:00,70.01,70.01,70.01,70.01,770
2024-10-28 12:00:00,70.16,70.3,69.82,69.97,12593
2024-10-28 13:00:00,70.0,70.2,68.51,68.8174,839203
2024-10-28 14:00:00,68.825,68.89,68.27,68.77,916318
2024-10-28 15:00:00,68.745,71.12,68.66,70.13,2254426
2024-10-28 16:00:00,70.12,70.32,69.6201,69.66,456850
2024-10-28 17:00:00,69.67,70.44,69.52,70.4,447612
2024-10-28 18:00:00,70.4,70.46,69.94,69.945,490777
2024-10-28 19:00:00,69.93,70.2,69.67,69.71,1039202
2024-10-28 20:00:00,69.71,69.92,69.2,69.71,519276
2024-10-28 21:00:00,69.72,69.72,69.52,69.52,813
2024-10-28 22:00:00,69.8899,69.8899,69.8899,69.8899,100
2024-10-28 23:00:00,69.89,69.89,69.75,69.75,277
2024-10-29 11:00:00,69.53,69.53,69.4,69.4,1057
2024-10-29 12:00:00,69.55,69.65,69.55,69.65,240
2024-10-29 13:00:00,69.48,70.0,68.6405,69.275,408191
2024-10-29 14:00:00,69.24,69.39,68.53,68.91,607815
2024-10-29 15:00:00,68.93,69.2,68.63,68.75,499701
2024-10-29 16:00:00,68.75,68.9,68.4108,68.64,493490
2024-10-29 17:00:00,68.65,68.67,67.91,68.06,877584
2024-10-29 18:00:00,68.0699,68.26,67.755,68.07,793137
2024-10-29 19:00:00,68.08,68.635,67.85,68.29,1430966
2024-10-29 20:00:00,68.3,68.3,68.02,68.2,132598
2024-10-29 21:00:00,68.0,68.3,68.0,68.3,2250
2024-10-29 22:00:00,68.0,68.05,68.0,68.05,300
2024-10-29 23:00:00,68.1,68.15,68.0011,68.15,1051
2024-10-30 08:00:00,68.32,68.32,68.32,68.32,146
2024-10-30 11:00:00,68.16,68.16,68.16,68.16,250
2024-10-30 12:00:00,68.17,68.3,67.75,67.81,27891
2024-10-30 13:00:00,67.99,68.79,67.05,68.71,543173
2024-10-30 14:00:00,68.72,69.2199,67.82,67.84,621934
2024-10-30 15:00:00,67.86,67.9,67.33,67.3921,416451
2024-10-30 16:00:00,67.36,67.71,67.26,67.52,261978
2024-10-30 17:00:00,67.52,67.68,67.14,67.26,217453
2024-10-30 18:00:00,67.27,67.36,67.18,67.32,287915
2024-10-30 19:00:00,67.32,67.63,66.965,67.03,1270588
2024-10-30 20:00:00,67.02,67.02,66.67,66.8,63436
2024-10-30 21:00:00,66.82,66.82,66.82,66.82,450
2024-10-30 22:00:00,66.8,66.8,66.75,66.75,1099
2024-10-30 23:00:00,66.75,66.75,66.25,66.25,886
2024-10-31 11:00:00,66.61,66.61,66.61,66.61,102
2024-10-31 12:00:00,66.6,66.99,66.6,66.71,3203
2024-10-31 13:00:00,66.8,67.46,66.09,66.5366,284340
2024-10-31 14:00:00,66.52,66.61,65.2,65.32,794223
2024-10-31 15:00:00,65.3,65.83,65.0,65.36,432826
2024-10-31 16:00:00,65.375,66.085,65.375,65.96,470004
2024-10-31 17:00:00,65.97,66.3,65.95,66.02,277678
2024-10-31 18:00:00,66.025,66.18,65.795,65.93,392091
2024-10-31 19:00:00,65.94,66.0,65.24,65.32,1021463
2024-10-31 20:00:00,65.31,65.51,65.31,65.31,225401
2024-10-31 21:00:00,65.931,65.931,65.931,65.931,235
2024-10-31 23:00:00,65.32,65.5,65.32,65.5,417
2024-11-01 11:00:00,65.32,65.32,65.32,65.32,113
2024-11-01 12:00:00,65.35,65.5,65.31,65.5,11773
2024-11-01 13:00:00,65.7,66.88,65.6,66.86,302561
2024-11-01 14:00:00,66.9,67.11,66.47,66.585,440040
2024-11-01 15:00:00,66.58,66.648,66.37,66.52,312757
2024-11-01 16:00:00,66.51,66.5999,66.34,66.3717,173030
2024-11-01 17:00:00,66.39,66.46,65.99,65.99,255515
2024-11-01 18:00:00,65.992,66.065,65.78,65.83,220225
2024-11-01 19:00:00,65.82,66.0,65.64,65.9,1093686
2024-11-01 20:00:00,65.88,65.9,65.88,65.89,62727
2024-11-01 21:00:00,65.88,65.92,65.88,65.92,49501
2024-11-04 09:00:00,65.87,65.87,65.87,65.87,220
2024-11-04 12:00:00,65.87,65.87,65.86,65.86,476
2024-11-04 14:00:00,65.65,66.49,65.6,65.92,199961
2024-11-04 15:00:00,65.87,66.4795,65.87,66.31,275563
2024-11-04 16:00:00,66.33,66.45,65.63,65.66,259977
2024-11-04 17:00:00,65.65,65.8,65.435,65.575,209512
2024-11-04 18:00:00,65.585,65.91,65.445,65.595,239377
2024-11-04 19:00:00,65.6,65.64,65.44,65.46,256710
2024-11-04 20:00:00,65.45,65.52,65.105,65.215,793544
2024-11-04 21:00:00,65.22,65.22,65.22,65.22,60500
2024-11-04 22:00:00,65.4,65.4,65.4,65.4,100
2024-11-05 00:00:00,65.26,65.26,65.26,65.26,100
2024-11-05 14:00:00,65.34,66.91,65.3399,66.89,775060
2024-11-05 15:00:00,66.99,67.099,66.44,66.62,433203
2024-11-05 16:00:00,66.67,67.04,66.57,66.9916,817796
2024-11-05 17:00:00,66.99,67.13,66.5501,66.69,340530
2024-11-05 18:00:00,66.68,66.83,66.36,66.499,228172
2024-11-05 19:00:00,66.49,66.62,66.31,66.355,349615
2024-11-05 20:00:00,66.34,67.009,66.32,66.84,865088
2024-11-05 21:00:00,66.83,66.83,66.83,66.83,93711
2024-11-06 00:00:00,67.1,67.1,67.1,67.1,100
2024-11-06 09:00:00,69.49,69.49,68.83,69.33,603
2024-11-06 12:00:00,68.26,68.26,68.21,68.22,3514
2024-11-06 13:00:00,68.22,68.5,67.96,68.35,6325
2024-11-06 14:00:00,68.24,69.59,68.24,68.47,780342
2024-11-06 15:00:00,68.45,69.05,68.255,68.95,618002
2024-11-06 16:00:00,68.965,69.07,68.68,68.95,671500
2024-11-06 17:00:00,68.95,69.18,68.869,69.09,631854
2024-11-06 18:00:00,69.07,69.38,69.02,69.28,413209
2024-11-06 19:00:00,69.28,69.73,69.215,69.64,608768
2024-11-06 20:00:00,69.64,70.19,69.64,69.94,1327144
2024-11-06 21:00:00,69.91,69.92,69.91,69.92,41598
2024-11-06 23:00:00,70.1,70.1,70.1,70.1,200
2024-11-07 12:00:00,70.5,70.51,70.5,70.51,278
2024-11-07 13:00:00,70.31,70.87,70.31,70.85,2704
2024-11-07 14:00:00,70.82,70.82,70.0,70.15,223969
2024-11-07 15:00:00,70.155,71.18,69.7,70.91,982191
2024-11-07 16:00:00,70.925,71.03,70.4,70.65,249931
2024-11-07 17:00:00,70.66,71.23,70.57,71.13,239705
2024-11-07 18:00:00,71.15,71.2,70.22,70.3499,506735
2024-11-07 19:00:00,70.325,70.67,70.1801,70.65,424769
2024-11-07 20:00:00,70.64,70.64,70.28,70.46,690018
2024-11-07 21:00:00,70.48,70.59,70.44,70.52,16951
2024-11-07 22:00:00,70.44,70.44,70.44,70.44,7765
2024-11-08 11:00:00,70.4,70.42,70.11,70.22,1287
2024-11-08 12:00:00,70.11,70.19,70.01,70.01,503
2024-11-08 13:00:00,70.2001,70.4472,70.07,70.07,892
2024-11-08 14:00:00,70.01,70.44,69.3101,69.35,178161
2024-11-08 15:00:00,69.345,69.9,69.25,69.875,330269
2024-11-08 16:00:00,69.89,70.02,69.62,69.73,248945
2024-11-08 17:00:00,69.725,70.2,69.69,69.932,226789
2024-11-08 18:00:00,69.955,70.04,69.58,70.02,260997
2024-11-08 19:00:00,70.02,70.04,69.44,69.46,361183
2024-11-08 20:00:00,69.47,69.63,69.18,69.61,799340
2024-11-08 21:00:00,69.61,69.64,69.61,69.61,178220
2024-11-11 10:00:00,69.98,69.98,69.98,69.98,541
2024-11-11 11:00:00,69.22,70.34,69.22,70.34,356
2024-11-11 12:00:00,70.01,70.01,70.0,70.0,1018
2024-11-11 13:00:00,70.0,70.0,69.7,69.7001,10100
2024-11-11 14:00:00,69.7,70.14,68.08,68.335,277283
2024-11-11 15:00:00,68.38,68.59,68.07,68.27,395505
2024-11-11 16:00:00,68.31,68.37,67.91,68.09,276250
2024-11-11 17:00:00,68.08,68.19,67.67,67.68,229365
2024-11-11 18:00:00,67.68,67.89,67.52,67.73,394661
2024-11-11 19:00:00,67.73,67.75,67.41,67.485,261279
2024-11-11 20:00:00,67.48,67.68,67.28,67.39,2010126
2024-11-11 21:00:00,67.38,67.38,67.38,67.38,26336
2024-11-11 22:00:00,67.38,67.41,67.38,67.41,4081
2024-11-11 23:00:00,67.38,67.56,67.38,67.56,670
2024-11-12 00:00:00,67.44,67.44,67.44,67.44,250
2024-11-12 11:00:00,66.89,66.89,66.89,66.89,140
2024-11-12 12:00:00,66.9,66.9,66.5,66.5,3636
2024-11-12 13:00:00,66.9,66.9,66.11,66.5,11948
2024-11-12 14:00:00,66.5,66.51,65.46,65.47,864815
2024-11-12 15:00:00,65.475,65.51,63.78,64.0557,1344532
2024-11-12 16:00:00,64.06,64.49,63.915,64.2,1414501
2024-11-12 17:00:00,64.2,64.315,63.27,63.32,829718
2024-11-12 18:00:00,63.31,63.72,63.06,63.06,669377
2024-11-12 19:00:00,63.05,63.98,63.045,63.94,986122
2024-11-12 20:00:00,63.95,64.45,63.91,63.96,1349855
2024-11-12 21:00:00,63.96,63.96,63.89,63.89,48011
2024-11-12 22:00:00,63.96,63.96,63.88,63.8802,1513
2024-11-12 23:00:00,63.96,63.96,63.96,63.96,811
2024-11-13 13:00:00,63.95,64.01,63.9,64.0,925
2024-11-13 14:00:00,63.99,64.0,62.85,63.46,567385
2024-11-13 15:00:00,63.445,63.59,62.93,63.075,484301
2024-11-13 16:00:00,63.075,63.075,62.7745,62.94,481192
2024-11-13 17:00:00,62.93,63.04,62.295,62.51,309463
2024-11-13 18:00:00,62.52,63.04,62.46,62.875,389840
2024-11-13 19:00:00,62.89,63.07,62.36,62.36,397062
2024-11-13 20:00:00,62.375,62.8,62.34,62.73,1130811
2024-11-13 21:00:00,62.73,62.76,62.72,62.72,40158
2024-11-13 22:00:00,62.74,62.74,62.73,62.73,522
2024-11-14 09:00:00,62.68,62.68,62.68,62.68,100
2024-11-14 10:00:00,62.92,62.92,62.92,62.92,161
2024-11-14 12:00:00,62.83,62.83,62.83,62.83,127
2024-11-14 13:00:00,62.95,63.19,62.87,63.19,1486
2024-11-14 14:00:00,62.91,63.69,62.72,63.42,362354
2024-11-14 15:00:00,63.415,63.59,63.1,63.25,456329
2024-11-14 16:00:00,63.29,63.48,63.18,63.28,285191
2024-11-14 17:00:00,63.285,63.39,62.97,63.3,310369
2024-11-14 18:00:00,63.29,63.565,63.2234,63.36,254326
2024-11-14 19:00:00,63.35,63.4,63.075,63.075,407043
2024-11-14 20:00:00,63.05,63.335,62.78,63.19,937570
2024-11-14 21:00:00,63.22,63.67,63.0,63.0,37362
2024-11-14 22:00:00,62.85,63.22,62.85,63.22,5131
2024-11-15 00:00:00,62.87,62.87,62.86,62.86,646
2024-11-15 10:00:00,62.27,62.27,62.27,62.27,100
2024-11-15 13:00:00,63.22,63.22,63.22,63.22,2646
2024-11-15 14:00:00,62.19,63.12,62.19,63.01,334729
2024-11-15 15:00:00,63.01,63.11,62.655,62.78,401384
2024-11-15 16:00:00,62.79,62.83,62.44,62.45,494676
2024-11-15 17:00:00,62.44,62.62,62.3,62.46,209921
2024-11-15 18:00:00,62.45,62.61,62.32,62.405,267174
2024-11-15 19:00:00,62.39,62.585,62.31,62.46,233979
2024-11-15 20:00:00,62.45,62.86,62.41,62.81,921027
2024-11-15 21:00:00,62.8,62.8,62.79,62.8,107834
2024-11-18 13:00:00,63.4,63.4,62.78,62.8,1571
2024-11-18 14:00:00,63.08,63.195,62.61,62.65,174242
2024-11-18 15:00:00,62.6,63.39,62.588,63.29,468827
2024-11-18 16:00:00,63.29,63.99,63.24,63.795,355259
2024-11-18 17:00:00,63.8,64.2,63.51,64.16,275158
2024-11-18 18:00:00,64.16,64.65,64.14,64.64,364145
2024-11-18 19:00:00,64.63,64.645,64.32,64.44,380766
2024-11-18 20:00:00,64.445,64.68,64.28,64.6,1037217
2024-11-18 21:00:00,64.58,64.58,64.47,64.58,47638
2024-11-18 23:00:00,64.46,64.46,64.46,64.46,183
2024-11-19 12:00:00,64.62,64.62,64.51,64.51,519
2024-11-19 13:00:00,64.0,64.0,64.0,64.0,409
2024-11-19 14:00:00,64.0,64.5,63.6929,64.12,100621
2024-11-19 15:00:00,64.11,64.885,64.02,64.85,447566
2024-11-19 16:00:00,64.82,65.12,64.63,65.115,236721
2024-11-19 17:00:00,65.115,65.41,65.09,65.3635,308438
2024-11-19 18:00:00,65.38,65.39,64.94,65.22,285722
2024-11-19 19:00:00,65.245,65.26,64.85,65.045,268224
2024-11-19 20:00:00,65.045,65.375,65.03,65.28,646413
2024-11-19 21:00:00,65.29,65.29,65.15,65.29,97019
2024-11-19 22:00:00,65.44,65.44,65.44,65.44,100
2024-11-20 09:00:00,65.3,65.3,65.3,65.3,105
2024-11-20 13:00:00,65.29,65.29,65.29,65.29,300
2024-11-20 14:00:00,65.36,65.68,64.03,64.18,370099
2024-11-20 15:00:00,64.185,64.2,63.22,63.5,462138
2024-11-20 16:00:00,63.495,63.6,62.82,63.28,446556
2024-11-20 17:00:00,63.27,63.31,62.82,63.22,266920
2024-11-20 18:00:00,63.22,63.65,63.06,63.59,390351
2024-11-20 19:00:00,63.575,63.785,63.32,63.61,299704
2024-11-20 20:00:00,63.61,63.96,63.37,63.83,1026581
2024-11-20 21:00:00,63.84,64.2,63.83,63.87,50202
2024-11-20 22:00:00,63.84,64.47,63.84,64.47,8591
2024-11-20 23:00:00,64.01,64.01,64.01,64.01,249
2024-11-21 13:00:00,64.0,64.0,64.0,64.0,100
2024-11-21 14:00:00,64.5818,65.22,63.9,64.77,428201
2024-11-21 15:00:00,64.77,65.75,64.435,65.73,557466
2024-11-21 16:00:00,65.74,66.365,65.74,66.215,582648
2024-11-21 17:00:00,66.205,66.51,66.11,66.15,351956
2024-11-21 18:00:00,66.175,66.37,65.905,66.19,460436
2024-11-21 19:00:00,66.19,66.24,65.66,65.75,250650
2024-11-21 20:00:00,65.75,66.055,65.711,65.87,796267
2024-11-21 21:00:00,65.88,66.09,65.87,65.88,53018
2024-11-21 22:00:00,66.7219,66.7219,66.7219,66.7219,160
2024-11-22 00:00:00,65.8,65.8,65.8,65.8,761
2024-11-22 09:00:00,65.92,65.92,65.92,65.92,200
2024-11-22 13:00:00,65.87,66.15,65.87,65.88,3202
2024-11-22 14:00:00,66.28,66.53,65.84,66.43,375207
2024-11-22 15:00:00,66.41,66.82,65.85,66.5,439128
2024-11-22 16:00:00,66.5,66.56,66.05,66.51,1905333
2024-11-22 17:00:00,66.515,66.6921,66.445,66.675,387956
2024-11-22 18:00:00,66.65,66.66,66.375,66.48,173014
2024-11-22 19:00:00,66.485,66.59,66.26,66.39,188549
2024-11-22 20:00:00,66.406,66.6,66.16,66.44,760082
2024-11-22 21:00:00,66.43,66.43,66.38,66.38,182029
2024-11-25 09:00:00,66.59,67.0,66.59,67.0,1770
2024-11-25 12:00:00,67.02,67.03,66.6,67.03,1257
2024-11-25 13:00:00,66.8,67.02,66.8,66.94,1623
2024-11-25 14:00:00,66.67,68.74,66.67,68.74,441313
2024-11-25 15:00:00,68.69,69.65,68.36,69.51,1066594
2024-11-25 16:00:00,69.51,69.62,68.93,69.245,527959
2024-11-25 17:00:00,69.245,69.44,68.6,69.21,564201
2024-11-25 18:00:00,69.2,69.88,69.19,69.54,726523
2024-11-25 19:00:00,69.54,69.84,69.39,69.73,743939
2024-11-25 20:00:00,69.73,69.93,69.3,69.43,1648739
2024-11-25 21:00:00,69.425,69.425,69.24,69.425,431376
2024-11-25 22:00:00,69.425,69.9197,69.425,69.9197,15334
2024-11-26 00:00:00,69.2,69.2,69.2,69.2,200
2024-11-26 13:00:00,69.24,69.5,69.24,69.5,755
2024-11-26 14:00:00,69.5,71.92,69.36,71.85,936466
2024-11-26 15:00:00,71.82,72.925,71.42,72.505,2841701
2024-11-26 16:00:00,72.505,72.55,71.86,72.46,959606
2024-11-26 17:00:00,72.44,72.8,72.33,72.565,790984
2024-11-26 18:00:00,72.565,73.04,72.32,72.9,962922
2024-11-26 19:00:00,72.88,73.12,72.5,72.715,911526
2024-11-26 20:00:00,72.7101,73.24,72.61,73.02,2520963
2024-11-26 21:00:00,73.02,73.02,72.55,72.55,69706
2024-11-26 22:00:00,72.55,73.02,72.55,72.79,49663
2024-11-26 23:00:00,72.61,72.8,72.61,72.61,2070
2024-11-27 10:00:00,72.8,72.89,72.8,72.89,635
2024-11-27 12:00:00,72.7,72.96,72.7,72.9,2311
2024-11-27 13:00:00,71.3123,72.9,71.3123,72.81,4408
2024-11-27 14:00:00,72.6,73.48,72.04,72.36,368961
2024-11-27 15:00:00,72.4,72.4,70.6,70.77,1266687
2024-11-27 16:00:00,70.79,71.37,70.67,71.09,725406
2024-11-27 17:00:00,71.09,71.25,70.68,71.01,477714
2024-11-27 18:00:00,70.99,71.07,70.81,71.05,238021
2024-11-27 19:00:00,71.07,71.55,70.991,71.43,659364
2024-11-27 20:00:00,71.44,71.655,71.36,71.51,1035481
2024-11-27 21:00:00,71.5,71.56,71.5,71.5,63087
2024-11-29 09:00:00,71.4,71.4,71.4,71.4,1650
2024-11-29 13:00:00,71.99,72.0,71.99,72.0,9024
2024-11-29 14:00:00,72.0,73.4189,71.67,73.36,896104
2024-11-29 15:00:00,73.3672,73.65,72.965,73.315,1493090
2024-11-29 16:00:00,73.31,73.45,73.15,73.21,941770
2024-11-29 17:00:00,73.21,73.22,72.85,72.98,1300636
2024-11-29 18:00:00,72.99,72.99,72.99,72.99,636382
2024-12-02 10:00:00,73.0,73.0,73.0,73.0,302
2024-12-02 12:00:00,73.0,73.19,72.99,72.99,1306
2024-12-02 13:00:00,73.0,73.23,72.94,72.97,2869
2024-12-02 14:00:00,72.88,73.87,72.5001,73.5,752446
2024-12-02 15:00:00,73.5,73.92,73.28,73.405,1068581
2024-12-02 16:00:00,73.4,73.86,73.2,73.27,847715
2024-12-02 17:00:00,73.27,73.48,73.13,73.14,292435
2024-12-02 18:00:00,73.14,73.2,72.88,73.0,285941
2024-12-02 19:00:00,73.01,73.09,72.835,73.01,346134
2024-12-02 20:00:00,73.0,73.47,72.67,73.44,1023752
2024-12-02 21:00:00,73.43,73.44,73.42,73.43,61671
2024-12-02 22:00:00,73.43,73.43,73.43,73.43,67612
2024-12-03 09:00:00,73.49,73.82,73.43,73.44,672
2024-12-03 11:00:00,73.43,73.43,73.43,73.43,150
2024-12-03 12:00:00,73.24,73.25,73.24,73.25,650
2024-12-03 13:00:00,73.37,73.75,73.37,73.43,36903
2024-12-03 14:00:00,73.69,74.11,72.42,72.71,549266
2024-12-03 15:00:00,72.685,73.01,71.26,71.38,825677
2024-12-03 16:00:00,71.35,71.47,70.8,70.995,671688
2024-12-03 17:00:00,71.02,71.02,70.42,70.94,402342
2024-12-03 18:00:00,70.95,70.95,70.19,70.65,781060
2024-12-03 19:00:00,70.64,71.32,70.48,71.32,377822
2024-12-03 20:00:00,71.33,71.95,71.28,71.68,1145630
2024-12-03 21:00:00,71.68,72.12,71.68,71.69,111054
2024-12-03 22:00:00,72.1,72.1,72.1,72.1,300
2024-12-03 23:00:00,72.04,72.04,72.04,72.04,100
2024-12-04 00:00:00,72.03,72.19,72.02,72.19,480
2024-12-04 11:00:00,72.5,72.5,72.5,72.5,337
2024-12-04 12:00:00,72.3,72.3,72.02,72.02,2684
2024-12-04 14:00:00,72.25,72.64,71.605,71.85,314004
2024-12-04 15:00:00,71.85,72.23,71.34,71.48,415767
2024-12-04 16:00:00,71.5,71.605,70.84,70.91,296981
2024-12-04 17:00:00,70.8901,70.97,70.59,70.94,295174
2024-12-04 18:00:00,70.95,71.42,70.75,71.29,597425
2024-12-04 19:00:00,71.25,71.74,71.23,71.62,268199
2024-12-04 20:00:00,71.62,72.38,71.54,72.36,769458
2024-12-04 21:00:00,72.34,72.35,72.34,72.35,569747
2024-12-04 22:00:00,71.99,71.99,71.99,71.99,199
2024-12-04 23:00:00,72.35,72.35,72.35,72.35,105
2024-12-05 13:00:00,72.0123,72.0123,72.0123,72.0123,1209
2024-12-05 14:00:00,72.35,73.27,72.109,73.06,237459
2024-12-05 15:00:00,73.07,73.415,72.62,73.2,435853
2024-12-05 16:00:00,73.18,73.83,73.15,73.73,541728
2024-12-05 17:00:00,73.74,73.82,72.985,73.12,222553
2024-12-05 18:00:00,73.135,73.135,72.73,72.91,154941
2024-12-05 19:00:00,72.895,72.95,72.42,72.44,245839
2024-12-05 20:00:00,72.44,72.58,71.935,72.11,707186
2024-12-05 21:00:00,72.11,72.12,72.11,72.12,58202
2024-12-05 22:00:00,72.11,72.11,72.11,72.11,228
2024-12-06 00:00:00,71.77,71.77,71.77,71.77,100
2024-12-06 12:00:00,72.11,72.11,72.11,72.11,500
2024-12-06 13:00:00,72.0,72.19,72.0,72.19,576
2024-12-06 14:00:00,72.41,72.68,71.71,71.93,126252
2024-12-06 15:00:00,71.87,72.665,71.6101,72.577,227906
2024-12-06 16:00:00,72.6,72.6,72.03,72.245,224975
2024-12-06 17:00:00,72.23,72.4146,71.95,72.295,196545
2024-12-06 18:00:00,72.305,72.35,71.34,71.49,410392
2024-12-06 19:00:00,71.5,71.57,70.6701,70.995,624848
2024-12-06 20:00:00,70.995,71.26,70.86,71.06,1078873
2024-12-06 21:00:00,71.07,71.07,71.07,71.07,54181
2024-12-06 22:00:00,71.02,71.02,71.02,71.02,100
2024-12-06 23:00:00,71.05,72.12,71.05,72.12,560
2024-12-09 11:00:00,70.22,70.22,70.22,70.22,313
2024-12-09 13:00:00,70.52,71.07,70.52,71.07,350
2024-12-09 14:00:00,70.97,71.795,70.66,71.6,252909
2024-12-09 15:00:00,71.595,71.7,70.85,71.096504,425283
2024-12-09 16:00:00,71.095,71.21,70.64,71.065,388429
2024-12-09 17:00:00,71.04,71.36,70.88,71.3,276927
2024-12-09 18:00:00,71.295,71.65,71.2,71.5,189375
2024-12-09 19:00:00,71.47,71.54,70.77,70.945,236316
2024-12-09 20:00:00,70.933009,71.04,70.67,70.78,704949
2024-12-09 21:00:00,70.74,70.8,70.66,70.8,132993
2024-12-09 22:00:00,70.82,70.82,70.74,70.74,1301
2024-12-09 23:00:00,70.98,70.98,70.6,70.6,400
2024-12-10 00:00:00,70.6,70.75,70.6,70.7401,1000
2024-12-10 13:00:00,70.7,71.0,70.7,71.0,1375
2024-12-10 14:00:00,70.87,70.99,69.34,69.735,199900
2024-12-10 15:00:00,69.735,70.11,69.31,69.78,389738
2024-12-10 16:00:00,69.83,69.9,69.31,69.46,251048
2024-12-10 17:00:00,69.475,69.51,68.96,69.205,241732
2024-12-10 18:00:00,69.17,69.265,68.8882,68.9,274062
2024-12-10 19:00:00,68.91,68.97,68.63,68.665,298980
2024-12-10 20:00:00,68.68,68.9,68.31,68.83,911499
2024-12-10 21:00:00,68.82,69.36,68.82,69.36,61047
2024-12-11 14:00:00,69.61,70.15,69.27,70.09,158019
2024-12-11 15:00:00,70.1,70.28,69.2,69.295,343993
2024-12-11 16:00:00,69.24,70.4,69.16,70.29,335301
2024-12-11 17:00:00,70.35,70.35,69.69,69.79,174201
2024-12-11 18:00:00,69.82,70.07,69.74,69.8387,189209
2024-12-11 19:00:00,69.84,70.02,69.75,69.96,259631
2024-12-11 20:00:00,69.96,70.17,69.83,69.9,485457
2024-12-11 21:00:00,69.9,69.9,69.9,69.9,25274
2024-12-12 13:00:00,69.9,70.0,69.9,70.0,62939
2024-12-12 14:00:00,69.9,70.035,69.32,69.89,147863
2024-12-12 15:00:00,69.93,69.94,69.335,69.62,242201
2024-12-12 16:00:00,69.65,69.66,69.03,69.15,237900
2024-12-12 17:00:00,69.15,69.305,65.06,66.26,3173405
2024-12-12 18:00:00,66.29,66.79,64.99,65.83,1982489
2024-12-12 19:00:00,65.85,66.82,65.77,66.365,1018174
2024-12-12 20:00:00,66.365,66.75,65.96,65.99,2228186
2024-12-12 21:00:00,65.99,66.17,65.99,65.99,59887
2024-12-12 22:00:00,66.17,66.18,66.17,66.17,400
2024-12-12 23:00:00,67.13,67.13,67.13,67.13,336
2024-12-13 09:00:00,66.05,66.56,66.02,66.56,889
2024-12-13 13:00:00,66.91,66.91,66.57,66.57,1330
2024-12-13 14:00:00,66.57,66.57,64.7,65.77,1239077
2024-12-13 15:00:00,65.76,65.96,65.16,65.685,1459967
2024-12-13 16:00:00,65.685,65.72,64.99,65.22,1070588
2024-12-13 17:00:00,65.235,65.37,64.98,65.25,768759
2024-12-13 18:00:00,65.25,65.28,64.84,64.9,565661
2024-12-13 19:00:00,64.9,65.4,64.87,65.08,608828
2024-12-13 20:00:00,65.09,65.6425,65.03,65.11,1459745
2024-12-13 21:00:00,65.12,65.53,65.1099,65.1099,51886
2024-12-13 22:00:00,65.1087,65.11,65.07,65.07,1741
2024-12-14 00:00:00,65.08,65.08,65.08,65.08,300
2024-12-16 09:00:00,65.12,65.12,64.8,64.8,3406
2024-12-16 11:00:00,64.84,64.86,64.57,64.6,1214
2024-12-16 12:00:00,64.55,65.08,64.55,65.08,4071
2024-12-16 13:00:00,65.1,65.34,65.08,65.34,6486
2024-12-16 14:00:00,64.45,66.28,64.05,66.215,617056
2024-12-16 15:00:00,66.2,66.6,65.74,65.92,788334
2024-12-16 16:00:00,65.92,65.92,65.11,65.345,552139
2024-12-16 17:00:00,65.345,65.7325,65.33,65.64,311471
2024-12-16 18:00:00,65.635,66.01,65.24,65.465,595725
2024-12-16 19:00:00,65.48,65.61,65.12,65.525,518886
2024-12-16 20:00:00,65.5,65.5,65.14,65.289,928880
2024-12-16 21:00:00,65.3,65.3,65.0901,65.0901,63422
2024-12-16 22:00:00,65.9492,65.9492,65.9492,65.9492,300
2024-12-17 13:00:00,65.3,65.3,65.3,65.3,587
2024-12-17 14:00:00,65.05,66.01,64.6,64.85,396998
2024-12-17 15:00:00,64.85,65.36,64.61,65.155,321023
2024-12-17 16:00:00,65.155,65.73,64.87,65.495,341919
2024-12-17 17:00:00,65.54,65.645,65.3,65.49,178807
2024-12-17 18:00:00,65.46,65.49,64.9,64.92,265776
2024-12-17 19:00:00,64.92,65.0,64.72,64.86,634575
2024-12-17 20:00:00,64.85,64.86,64.57,64.66,844426
2024-12-17 21:00:00,64.64,65.9919,64.5,64.61,26881
2024-12-17 23:00:00,64.63,64.64,64.63,64.64,993
2024-12-18 09:00:00,65.2,65.2,65.2,65.2,199
2024-12-18 11:00:00,65.26,65.94,65.26,65.5,1600
2024-12-18 12:00:00,65.42,65.71,65.2,65.69,5648
2024-12-18 13:00:00,65.2501,66.2526,65.19,65.66,47667
2024-12-18 14:00:00,65.65,67.34,65.56,66.22,656222
2024-12-18 15:00:00,66.29,66.87,65.93,66.625,458479
2024-12-18 16:00:00,66.64,66.79,66.09,66.16,575555
2024-12-18 17:00:00,66.13,66.24,65.92,66.09,326020
2024-12-18 18:00:00,66.105,66.57,65.97,66.35,265182
2024-12-18 19:00:00,66.33,66.34,64.92,64.98,756600
2024-12-18 20:00:00,65.05,65.265,63.1,63.56,1347395
2024-12-18 21:00:00,63.54,63.54,60.2,61.0,240241
2024-12-18 22:00:00,61.05,63.54,60.7,60.7,39136
2024-12-18 23:00:00,60.6268,60.95,60.61,60.94,5513
2024-12-19 00:00:00,60.94,60.94,60.3,60.3,7609
2024-12-19 09:00:00,61.0,61.17,60.7,60.7,3008
2024-12-19 10:00:00,60.74,60.96,60.74,60.76,1462
2024-12-19 11:00:00,60.75,60.75,59.8,59.81,8920
2024-12-19 12:00:00,59.98,60.5,59.48,60.5,20785
2024-12-19 13:00:00,60.25,61.5,59.73,61.2,27939
2024-12-19 14:00:00,61.0,62.31,61.0,61.515,1894418
2024-12-19 15:00:00,61.53,61.92,60.69,60.705,1646675
2024-12-19 16:00:00,60.69,60.89,60.355,60.37,1146871
2024-12-19 17:00:00,60.3926,60.55,59.84,59.925,1036653
2024-12-19 18:00:00,59.92,60.34,59.66,60.005,1383318
2024-12-19 19:00:00,59.99,60.12,59.5,60.02,2038306
2024-12-19 20:00:00,60.02,60.21,59.41,59.62,2896931
2024-12-19 21:00:00,59.62,59.65,59.62,59.64,62635
2024-12-19 22:00:00,60.0,60.0,60.0,60.0,100
2024-12-19 23:00:00,59.87,59.87,59.87,59.87,113
2024-12-20 00:00:00,59.66,59.66,59.5,59.5,1772
2024-12-20 10:00:00,58.98,58.98,58.98,58.98,510
2024-12-20 11:00:00,58.85,58.85,58.8,58.8,2052
2024-12-20 12:00:00,58.64,58.64,58.32,58.35,2640
2024-12-20 13:00:00,58.31,58.98,58.31,58.98,6285
2024-12-20 14:00:00,59.12,60.27,58.99,59.51,670532
2024-12-20 15:00:00,59.58,60.51,59.305,60.4,674552
2024-12-20 16:00:00,60.4,61.45,60.35,61.3,976602
2024-12-20 17:00:00,61.285,61.31,60.84,60.89,529686
2024-12-20 18:00:00,60.875,60.875,60.225,60.24,758186
2024-12-20 19:00:00,60.25,60.525,60.11,60.3,900473
2024-12-20 20:00:00,60.35,60.575,60.09,60.25,1324403
2024-12-20 21:00:00,60.24,60.24,60.17,60.24,771640
2024-12-20 23:00:00,61.73,61.73,61.73,61.73,250
2024-12-23 09:00:00,61.01,61.5,61.01,61.5,1103
2024-12-23 13:00:00,60.58,60.68,60.58,60.68,337
2024-12-23 14:00:00,60.02,60.7,60.01,60.69,203738
2024-12-23 15:00:00,60.64,61.105,60.35,60.43,469956
2024-12-23 16:00:00,60.43,61.28,60.39,61.05,399183
2024-12-23 17:00:00,61.05,61.23,60.93,61.06,289547
2024-12-23 18:00:00,61.06,61.23,60.98,61.1649,398231
2024-12-23 19:00:00,61.155,61.34,60.95,61.01,552714
2024-12-23 20:00:00,60.99,61.61,60.86,61.53,781247
2024-12-23 21:00:00,61.56,61.56,61.38,61.56,322615
2024-12-24 09:00:00,61.57,61.57,61.57,61.57,113
2024-12-24 12:00:00,61.48,61.48,61.48,61.48,101
2024-12-24 13:00:00,61.7499,61.7499,61.7499,61.7499,201
2024-12-24 14:00:00,61.74,61.8,61.12,61.66,140413
2024-12-24 15:00:00,61.615,61.65,61.181,61.19,410804
2024-12-24 16:00:00,61.2,61.48,61.17,61.315,342396
2024-12-24 17:00:00,61.3299,61.75,61.25,61.71,451492
2024-12-24 18:00:00,61.7,61.7,61.7,61.7,155221
2024-12-26 12:00:00,62.156,62.156,62.156,62.156,100
2024-12-26 13:00:00,61.15,61.15,61.15,61.15,199
2024-12-26 14:00:00,61.43,62.13,61.43,61.68,131680
2024-12-26 15:00:00,61.68,61.85,61.48,61.79,244046
2024-12-26 16:00:00,61.77,61.88,61.65,61.83,190588
2024-12-26 17:00:00,61.7935,62.1,61.71,61.98,108067
2024-12-26 18:00:00,61.98,62.2,61.91,62.05,230396
2024-12-26 19:00:00,62.07,62.07,61.8701,61.92,231831
2024-12-26 20:00:00,61.92,61.96,61.47,61.72,551195
2024-12-26 21:00:00,61.71,61.71,61.71,61.71,24810
2024-12-27 09:00:00,61.68,61.68,61.68,61.68,104
2024-12-27 13:00:00,61.52,61.52,61.5,61.5,598
2024-12-27 14:00:00,61.37,61.61,61.12,61.36,101586
2024-12-27 15:00:00,61.37,61.42,60.92,61.075,288915
2024-12-27 16:00:00,61.05,61.07,60.52,60.68,1500739
2024-12-27 17:00:00,60.66,60.69,60.45,60.635,162186
2024-12-27 18:00:00,60.62,60.82,60.47,60.78,259145
2024-12-27 19:00:00,60.79,61.01,60.72,60.9,213432
2024-12-27 20:00:00,60.905,60.92,60.4,60.69,802220
2024-12-27 21:00:00,60.7,60.7,60.69,60.7,39776
2024-12-28 00:00:00,60.4301,60.4301,60.4301,60.4301,150
2024-12-30 12:00:00,60.29,60.29,60.0,60.0,742
2024-12-30 13:00:00,59.8,59.96,58.91,58.91,900
2024-12-30 14:00:00,59.373,59.805,58.82,59.02,477971
2024-12-30 15:00:00,59.02,59.53,58.82,59.46,684854
2024-12-30 16:00:00,59.46,59.79,59.27,59.7,521171
2024-12-30 17:00:00,59.6989,60.01,59.605,59.98,427321
2024-12-30 18:00:00,59.96,60.135,59.86,60.02,446751
2024-12-30 19:00:00,60.02,60.055,59.6,59.615,553378
2024-12-30 20:00:00,59.6,59.92,59.57,59.6,954197
2024-12-30 21:00:00,59.62,59.62,59.56,59.56,32394
2024-12-31 13:00:00,59.62,59.62,59.62,59.62,1169
2024-12-31 14:00:00,59.8,60.33,59.65,59.99,222685
2024-12-31 15:00:00,60.01,60.46,59.7,60.31,631543
2024-12-31 16:00:00,60.33,60.36,59.82,59.835,420488
2024-12-31 17:00:00,59.835,59.8799,59.37,59.8799,479951
2024-12-31 18:00:00,59.865,59.975,59.56,59.645,471499
2024-12-31 19:00:00,59.645,59.91,59.5,59.75,462782
2024-12-31 20:00:00,59.74,59.89,59.52,59.63,844056
2024-12-31 21:00:00,59.63,59.63,59.52,59.63,39917
2025-01-02 12:00:00,60.44,60.44,60.44,60.44,164
2025-01-02 14:00:00,60.16,62.0,59.86,61.995,590818
2025-01-02 15:00:00,62.0,62.56,61.8,62.29,923672
2025-01-02 16:00:00,62.26,62.65,61.89,62.5,498822
2025-01-02 17:00:00,62.515,62.85,61.74,61.96,659611
2025-01-02 18:00:00,61.92,62.04,61.47,61.95,330313
2025-01-02 19:00:00,61.95,62.14,61.67,61.7,406213
2025-01-02 20:00:00,61.68,62.02,61.6,61.9,1095525
2025-01-02 21:00:00,61.87,61.87,61.87,61.87,85830
2025-01-02 23:00:00,62.1,62.1,62.1,62.1,226
2025-01-03 14:00:00,62.02,63.66,61.88,63.02,589974
2025-01-03 15:00:00,63.01,63.59,62.58,63.19,490918
2025-01-03 16:00:00,63.17,63.31,62.99,63.275,379928
2025-01-03 17:00:00,63.31,63.5,63.17,63.465,349397
2025-01-03 18:00:00,63.46,63.77,63.43,63.63,283979
2025-01-03 19:00:00,63.62,63.93,63.6,63.83,295659
2025-01-03 20:00:00,63.82,64.12,63.745,64.02,1189431
2025-01-03 21:00:00,64.07,64.07,64.07,64.07,47484
2025-01-03 22:00:00,64.0,64.0,64.0,64.0,100
2025-01-04 00:00:00,64.0,64.0,64.0,64.0,100
2025-01-06 09:00:00,64.61,64.8,64.44,64.8,640
2025-01-06 11:00:00,65.0,65.18,65.0,65.06,2260
2025-01-06 12:00:00,65.19,65.2,65.19,65.2,411
2025-01-06 13:00:00,65.01,65.6999,65.01,65.46,4399
2025-01-06 14:00:00,65.58,67.465,65.2,67.17,1188677
2025-01-06 15:00:00,67.145,67.32,66.715,66.74,863699
2025-01-06 16:00:00,66.74,66.975,66.01,66.15,672911
2025-01-06 17:00:00,66.15,66.45,65.825,66.1,574225
2025-01-06 18:00:00,66.1,66.465,65.91,65.935,531129
2025-01-06 19:00:00,65.94,65.98,65.48,65.48,367911
2025-01-06 20:00:00,65.47,65.9,65.42,65.66,1239158
2025-01-06 21:00:00,65.65,65.8874,65.02,65.02,685614
2025-01-06 22:00:00,65.59,65.62,65.5,65.5,1559
2025-01-07 00:00:00,65.74,65.74,65.74,65.74,199
2025-01-07 09:00:00,65.83,65.83,65.65,65.65,600
2025-01-07 11:00:00,65.69,65.69,65.67,65.67,538
2025-01-07 12:00:00,65.82,66.01,65.82,66.0,1451
2025-01-07 14:00:00,66.12,66.63,65.71,66.06,365557
2025-01-07 15:00:00,66.04,66.4,65.42,66.28,813234
2025-01-07 16:00:00,66.28,66.46,65.53,65.55,479391
2025-01-07 17:00:00,65.56,65.78,65.42,65.73,299874
2025-01-07 18:00:00,65.74,65.895,65.4501,65.51,501007
2025-01-07 19:00:00,65.49,65.62,65.24,65.36,481126
2025-01-07 20:00:00,65.37,65.37,64.79,64.85,984278
2025-01-07 21:00:00,64.87,64.87,64.87,64.87,56901
2025-01-07 23:00:00,64.4356,64.4356,63.21,63.21,200
2025-01-08 09:00:00,64.45,64.45,64.45,64.45,101
2025-01-08 10:00:00,65.41,65.41,65.41,65.41,158
2025-01-08 13:00:00,64.87,65.0,64.87,65.0,83973
2025-01-08 14:00:00,65.0,65.0,63.39,63.77,593630
2025-01-08 15:00:00,63.75,64.63,63.55,64.36,485270
2025-01-08 16:00:00,64.355,64.63,64.075,64.48,425782
2025-01-08 17:00:00,64.48,64.53,63.98,64.195,347842
2025-01-08 18:00:00,64.195,64.64,64.165,64.39,371633
2025-01-08 19:00:00,64.4,64.68,64.27,64.4,304815
2025-01-08 20:00:00,64.405,64.47,63.87,64.05,1296440
2025-01-08 21:00:00,64.06,64.06,64.06,64.06,20148
2025-01-08 22:00:00,64.175,64.175,64.175,64.175,100
2025-01-10 13:00:00,63.41,63.41,63.19,63.19,782
2025-01-10 14:00:00,63.03,63.78,61.75,62.085,567919
2025-01-10 15:00:00,62.04,62.92,61.285,62.35,689902
2025-01-10 16:00:00,62.4,62.79,62.35,62.42,453810
2025-01-10 17:00:00,62.46,62.84,62.38,62.475,463859
2025-01-10 18:00:00,62.45,62.98,62.34,62.91,434261
2025-01-10 19:00:00,62.935,62.98,62.625,62.96,368042
2025-01-10 20:00:00,62.96,63.09,62.63,62.79,911645
2025-01-10 21:00:00,62.82,62.82,62.82,62.82,192466
2025-01-11 00:00:00,62.695,62.7899,62.695,62.7899,800
2025-01-13 12:00:00,62.25,62.25,62.0,62.0,1789
2025-01-13 13:00:00,62.25,62.25,61.0,62.0,789
2025-01-13 14:00:00,61.76,62.63,61.36,62.58,280105
2025-01-13 15:00:00,62.58,62.92,62.13,62.145,472099
2025-01-13 16:00:00,62.15,62.28,61.755,61.8,605651
2025-01-13 17:00:00,61.83,62.075,61.705,62.03,331851
2025-01-13 18:00:00,62.02,62.11,61.79,61.974,314334
2025-01-13 19:00:00,62.0,62.225,61.85,62.03,359223
2025-01-13 20:00:00,62.02,62.19,61.89,62.05,994218
2025-01-13 21:00:00,62.02,62.02,62.02,62.02,57358
2025-01-14 13:00:00,62.5,63.5885,62.0091,63.578,6314
2025-01-14 14:00:00,62.28,63.19,62.28,62.66,330873
2025-01-14 15:00:00,62.665,63.2,62.39,62.45,846290
2025-01-14 16:00:00,62.45,62.58,61.91,62.2,646000
2025-01-14 17:00:00,62.19,62.31,62.02,62.265,406280
2025-01-14 18:00:00,62.26,62.92,62.21,62.795,398892
2025-01-14 19:00:00,62.795,63.09,62.535,62.59,539563
2025-01-14 20:00:00,62.59,62.76,62.365,62.72,793483
2025-01-14 21:00:00,62.74,62.75,62.74,62.75,105764
2025-01-14 22:00:00,62.76,62.76,62.76,62.76,300
2025-01-15 13:00:00,63.77,63.77,63.77,63.77,180
2025-01-15 14:00:00,64.0,65.35,64.0,65.2,442219
2025-01-15 15:00:00,65.21,65.76,64.98,64.98,723859
2025-01-15 16:00:00,65.0,65.05,64.61,64.87,503193
2025-01-15 17:00:00,64.87,64.87,64.37,64.38,510460
2025-01-15 18:00:00,64.38,64.815,64.35,64.76,444054
2025-01-15 19:00:00,64.78,65.1,64.7,64.915,444492
2025-01-15 20:00:00,64.915,65.23,64.57,64.65,1159650
2025-01-15 21:00:00,64.63,64.975,64.63,64.85,62436
2025-01-15 22:00:00,64.6,64.6,64.6,64.6,300
2025-01-15 23:00:00,64.6,64.6,64.6,64.6,312
2025-01-16 12:00:00,64.85,64.85,64.8,64.8,2500
2025-01-16 13:00:00,64.81,64.81,64.79,64.8,1153
2025-01-16 14:00:00,63.59,64.77,63.41,64.325,498029
2025-01-16 15:00:00,64.33,64.845,63.94,64.65,639822
2025-01-16 16:00:00,64.66,64.9,64.15,64.47,476338
2025-01-16 17:00:00,64.49,64.82,64.41,64.51,331409
2025-01-16 18:00:00,64.5,64.6,64.15,64.3,356333
2025-01-16 19:00:00,64.3,64.42,63.88,64.07,523972
2025-01-16 20:00:00,64.085,65.06,64.07,64.24,1574699
2025-01-16 21:00:00,64.25,64.49,62.98,63.99,112592
2025-01-16 22:00:00,63.6701,63.99,63.6701,63.8,9919
2025-01-17 00:00:00,63.77,63.79,63.77,63.79,1000
2025-01-17 12:00:00,64.18,64.76,64.16,64.75,2977
2025-01-17 13:00:00,64.75,64.8,64.25,64.8,11613
2025-01-17 14:00:00,64.98,65.72,63.8,64.295,818567
2025-01-17 15:00:00,64.23,66.0,64.17,65.98,996539
2025-01-17 16:00:00,65.97,66.34,65.56,65.615,1024352
2025-01-17 17:00:00,65.615,65.9,65.51,65.595,445599
2025-01-17 18:00:00,65.595,65.77,65.59,65.68,321581
2025-01-17 19:00:00,65.68,65.75,65.31,65.335,454965
2025-01-17 20:00:00,65.335,65.585,65.0,65.06,1740531
2025-01-17 21:00:00,65.04,65.06,65.04,65.06,39994
2025-01-21 12:00:00,65.3,65.3,65.3,65.3,365
2025-01-21 13:00:00,65.5,65.51,65.5,65.51,339
2025-01-21 14:00:00,65.31,66.45,65.03,66.05,533916
2025-01-21 15:00:00,66.06,67.12,65.86,66.97,1182149
2025-01-21 16:00:00,66.97,67.89,66.89,67.89,813664
2025-01-21 17:00:00,67.9099,68.11,67.69,68.005,667229
2025-01-21 18:00:00,67.99,68.185,67.72,68.02,467207
2025-01-21 19:00:00,68.02,68.12,67.8,67.8,481669
2025-01-21 20:00:00,67.7928,67.96,67.34,67.41,1646779
2025-01-21 21:00:00,67.43,67.43,66.38,67.28,68608
2025-01-21 22:00:00,67.28,67.79,67.25,67.75,6682
2025-01-21 23:00:00,67.65,67.65,67.55,67.55,849
2025-01-22 00:00:00,67.89,68.1898,67.88,68.1898,13647
2025-01-22 09:00:00,68.15,68.19,68.15,68.19,308
2025-01-22 11:00:00,68.24,68.84,68.24,68.84,4622
2025-01-22 12:00:00,69.0,69.2,69.0,69.01,9805
2025-01-22 13:00:00,69.1,69.5496,67.43,69.5,19871
2025-01-22 14:00:00,69.18,70.49,68.28,70.2,1349211
2025-01-22 15:00:00,70.25,70.48,69.71,69.75,1335991
2025-01-22 16:00:00,69.75,70.06,69.53,70.0,718203
2025-01-22 17:00:00,69.98,69.985,69.02,69.03,483273
2025-01-22 18:00:00,69.02,69.38,68.895,69.05,824535
2025-01-22 19:00:00,69.03,69.03,68.705,68.93,400306
2025-01-22 20:00:00,68.93,68.93,68.55,68.63,985599
2025-01-22 21:00:00,68.63,69.6,68.63,68.63,547293
2025-01-22 22:00:00,68.63,68.63,68.63,68.63,11287
2025-01-22 23:00:00,68.5,68.52,68.0,68.0,8524
2025-01-23 00:00:00,68.02,68.02,67.95,67.95,1038
2025-01-23 10:00:00,68.15,68.15,68.15,68.15,146
2025-01-23 13:00:00,68.0788,68.0788,67.35,67.35,381
2025-01-23 14:00:00,67.41,68.34,67.38,67.755,617224
2025-01-23 15:00:00,67.73,68.49,67.457,68.4,818090
2025-01-23 16:00:00,68.385,68.52,68.12,68.26,545129
2025-01-23 17:00:00,68.26,68.55,68.26,68.505,418436
2025-01-23 18:00:00,68.51,68.98,68.44,68.9,422431
2025-01-23 19:00:00,68.895,68.93,68.43,68.49,505704
2025-01-23 20:00:00,68.48,68.72,68.3,68.68,1291308
2025-01-23 21:00:00,68.68,68.68,68.68,68.68,244703
2025-01-23 22:00:00,68.93,68.93,68.93,68.93,440
2025-01-23 23:00:00,68.0,68.2,68.0,68.2,1639
2025-01-24 10:00:00,68.2,68.2,68.2,68.2,380
2025-01-24 11:00:00,68.66,68.66,68.66,68.66,200
2025-01-24 13:00:00,69.0,69.0,68.6,68.6,2180
2025-01-24 14:00:00,68.58,69.205,68.54,69.02,200504
2025-01-24 15:00:00,69.04,69.44,68.56,68.56,359663
2025-01-24 16:00:00,68.54,68.86,68.495,68.52,240384
2025-01-24 17:00:00,68.52,68.8,68.49,68.62,233237
2025-01-24 18:00:00,68.62,68.645,68.27,68.2843,251721
2025-01-24 19:00:00,68.26,68.31,67.91,67.97,506341
2025-01-24 20:00:00,67.97,67.99,67.36,67.41,1361116
2025-01-24 21:00:00,67.41,67.41,67.2535,67.2535,334266
2025-01-25 00:00:00,67.6,67.6,67.6,67.6,103
2025-01-27 09:00:00,67.0,67.0,64.69,64.69,7742
2025-01-27 10:00:00,64.51,64.9,64.0,64.0,9621
2025-01-27 11:00:00,64.5,64.64,64.1,64.1,983
2025-01-27 12:00:00,64.64,66.37,64.24,66.05,31422
2025-01-27 13:00:00,64.73,66.6,64.4,66.23,41542
2025-01-27 14:00:00,65.98,65.9999,64.42,65.1,994167
2025-01-27 15:00:00,65.17,65.29,64.415,64.625,981622
2025-01-27 16:00:00,64.64,64.66,64.0,64.36,1081900
2025-01-27 17:00:00,64.39,64.55,63.65,63.655,580205
2025-01-27 18:00:00,63.645,63.7,63.14,63.32,405843
2025-01-27 19:00:00,63.335,63.44,62.94,63.13,544626
2025-01-27 20:00:00,63.13,64.48,63.08,64.4,1446674
2025-01-27 21:00:00,64.4,64.44,64.4,64.4,573381
2025-01-27 22:00:00,64.63,65.44,64.63,65.44,5199
2025-01-27 23:00:00,65.44,65.44,65.44,65.44,200
2025-01-28 10:00:00,64.6,64.69,64.6,64.69,262
2025-01-28 13:00:00,64.59,64.59,64.59,64.59,1249
2025-01-28 14:00:00,64.8,64.8,62.3,62.983,753006
2025-01-28 15:00:00,62.983,63.49,62.85,62.97,1019713
2025-01-28 16:00:00,62.97,63.02,61.82,61.89,720221
2025-01-28 17:00:00,61.87,62.28,61.87,62.09,519141
2025-01-28 18:00:00,62.1,62.515,62.1,62.44,537702
2025-01-28 19:00:00,62.42,63.04,62.2,62.99,661468
2025-01-28 20:00:00,62.985,63.1,62.8,62.87,1764502
2025-01-28 21:00:00,62.87,63.92,62.87,63.24,48452
2025-01-28 22:00:00,63.2,63.2,63.0,63.0,461
2025-01-28 23:00:00,63.04,63.04,63.04,63.04,200
2025-01-29 09:00:00,63.56,63.56,63.55,63.56,1218
2025-01-29 12:00:00,63.65,63.65,63.55,63.55,4179
2025-01-29 13:00:00,65.0,65.0,63.55,63.55,1369
2025-01-29 14:00:00,63.5,64.15,62.95,63.32,592533
2025-01-29 15:00:00,63.31,63.69,62.83,62.92,767378
2025-01-29 16:00:00,62.925,63.06,62.53,62.82,892966
2025-01-29 17:00:00,62.82,63.28,62.81,62.955,679171
2025-01-29 18:00:00,62.97,63.15,62.65,62.92,878592
2025-01-29 19:00:00,62.9,63.06,62.39,62.845,1345698
2025-01-29 20:00:00,62.83,63.18,62.425,62.79,4321515
2025-01-29 21:00:00,62.8,64.25,60.0,64.02,282400
2025-01-29 22:00:00,64.19,64.79,64.0,64.5,38858
2025-01-29 23:00:00,64.31,64.4,64.0,64.0,10675
2025-01-30 00:00:00,64.0,64.4388,64.0,64.38,2462
2025-01-30 09:00:00,64.89,64.89,63.14,63.14,800
2025-01-30 11:00:00,64.59,64.81,64.59,64.81,1163
2025-01-30 12:00:00,64.86,65.57,64.84,65.5,13078
2025-01-30 13:00:00,65.0,66.7118,64.85,66.5,63729
2025-01-30 14:00:00,66.3,67.59,64.25,65.42,3814600
2025-01-30 15:00:00,65.375,65.625,63.7,65.02,2994346
2025-01-30 16:00:00,65.0,66.07,64.18,66.07,2541455
2025-01-30 17:00:00,66.0301,66.07,64.65,65.29,1013764
2025-01-30 18:00:00,65.265,65.95,64.91,65.695,1024848
2025-01-30 19:00:00,65.7,65.96,65.04,65.14,1506645
2025-01-30 20:00:00,65.16,66.06,65.09,65.81,2743981
2025-01-30 21:00:00,65.78,66.06,65.78,65.78,87401
2025-01-30 22:00:00,65.78,65.8,65.78,65.79,805
2025-01-30 23:00:00,65.49,65.5,65.49,65.5,350
2025-01-31 00:00:00,65.6007,65.79,65.6007,65.79,629
2025-01-31 12:00:00,65.51,65.51,65.51,65.51,100
2025-01-31 13:00:00,65.79,65.95,65.78,65.84,2926
2025-01-31 14:00:00,66.03,66.71,64.8318,66.64,842614
2025-01-31 15:00:00,66.64,67.87,66.42,67.31,1689966
2025-01-31 16:00:00,67.315,67.96,66.75,67.14,910924
2025-01-31 17:00:00,67.155,67.58,66.83,67.48,617015
2025-01-31 18:00:00,67.49,67.53,66.71,66.87,593183
2025-01-31 19:00:00,66.88,67.0,65.9,66.415,807518
2025-01-31 20:00:00,66.42,66.42,65.065,65.12,1708147
2025-01-31 21:00:00,65.13,65.26,65.0,65.25,108199
2025-01-31 22:00:00,65.12,65.1201,65.0155,65.0155,321
2025-01-31 23:00:00,65.1284,65.13,65.12,65.12,1021
2025-02-01 00:00:00,65.01,65.01,65.01,65.01,322
2025-02-03 09:00:00,65.01,65.01,63.5,63.88,2336
2025-02-03 11:00:00,63.72,63.72,63.72,63.72,100
2025-02-03 12:00:00,63.89,63.96,63.8,63.8,2893
2025-02-03 13:00:00,63.8,63.97,63.61,63.96,4976
2025-02-03 14:00:00,63.96,64.49,63.54,64.07,861173
2025-02-03 15:00:00,64.05,66.28,63.89,66.0525,1119170
2025-02-03 16:00:00,66.06,66.26,65.47,65.49,630759
2025-02-03 17:00:00,65.49,65.49,64.57,64.75,430862
2025-02-03 18:00:00,64.71,64.97,64.57,64.92,426588
2025-02-03 19:00:00,64.9,65.2,64.88,65.035,569307
2025-02-03 20:00:00,65.05,65.092,64.39,64.44,1220801
2025-02-03 21:00:00,64.42,65.01,64.42,65.01,59465
2025-02-04 13:00:00,64.41,64.8,64.06,64.8,420
2025-02-04 14:00:00,64.4,64.82,63.305,64.705,528923
2025-02-04 15:00:00,64.705,65.26,64.08,64.77,872865
2025-02-04 16:00:00,64.8,65.0,64.42,64.48,469401
2025-02-04 17:00:00,64.48,64.51,63.92,64.335,613499
2025-02-04 18:00:00,64.33,64.34,63.845,63.99,309813
2025-02-04 19:00:00,63.98,64.22,63.67,63.765,575936
2025-02-04 20:00:00,63.765,63.94,63.7,63.84,1112312
2025-02-04 21:00:00,63.81,64.1635,63.69,63.7115,136475
2025-02-04 22:00:00,63.807,63.807,63.69,63.69,800
2025-02-04 23:00:00,63.81,63.81,63.81,63.81,116
2025-02-05 10:00:00,63.76,63.79,63.76,63.79,265
2025-02-05 12:00:00,63.7,63.75,63.7,63.75,760
2025-02-05 13:00:00,63.6,63.6001,63.6,63.6,842
2025-02-05 14:00:00,63.6,64.31,63.41,64.095,332230
2025-02-05 15:00:00,64.1,64.89,63.845,64.642,453840
2025-02-05 16:00:00,64.63,64.95,64.46,64.66,391201
2025-02-05 17:00:00,64.67,64.945,64.66,64.86,281702
2025-02-05 18:00:00,64.85,65.23,64.71,65.22,326212
2025-02-05 19:00:00,65.22,65.26,64.8807,64.9,368406
2025-02-05 20:00:00,64.895,64.99,64.62,64.74,1146974
2025-02-05 21:00:00,64.72,64.72,64.72,64.72,15118
2025-02-05 23:00:00,65.14,66.4705,65.14,66.4705,2447
2025-02-06 12:00:00,65.0,65.11,65.0,65.11,403
2025-02-06 13:00:00,65.0,65.0,65.0,65.0,136
2025-02-06 14:00:00,65.25,65.465,64.85,65.06,243486
2025-02-06 15:00:00,65.03,65.4625,64.715,65.0,536156
2025-02-06 16:00:00,64.99,65.2,64.83,65.01,265133
2025-02-06 17:00:00,64.99,65.39,64.9,65.03,246461
2025-02-06 18:00:00,65.05,65.1,64.8208,64.88,216236
2025-02-06 19:00:00,64.87,64.9,64.155,64.195,332762
2025-02-06 20:00:00,64.18,64.6,64.17,64.46,746019
2025-02-06 21:00:00,64.48,64.48,64.48,64.48,71702
2025-02-06 22:00:00,64.47,64.47,64.47,64.47,400
2025-02-06 23:00:00,64.48,64.48,64.48,64.48,400
2025-02-07 09:00:00,64.61,64.61,64.6,64.6,200
2025-02-07 14:00:00,64.74,65.55,64.58,65.145,328341
2025-02-07 15:00:00,65.04,65.26,64.58,64.8,633394
2025-02-07 16:00:00,64.82,64.94,64.0,64.2152,460363
2025-02-07 17:00:00,64.2,64.57,64.08,64.405,323824
2025-02-07 18:00:00,64.405,64.555,64.11,64.12,246680
2025-02-07 19:00:00,64.1,64.23,63.57,64.0,524501
2025-02-07 20:00:00,64.0,64.65,63.85,64.45,812322
2025-02-07 21:00:00,64.46,64.46,64.46,64.46,36625
2025-02-07 23:00:00,64.45,64.45,64.45,64.45,100
2025-02-08 00:00:00,64.01,64.01,64.01,64.01,100
2025-02-10 09:00:00,64.11,64.11,64.11,64.11,103
2025-02-10 12:00:00,65.25,65.25,65.25,65.25,120
2025-02-10 13:00:00,65.18,65.18,65.18,65.18,363
2025-02-10 14:00:00,65.18,68.2195,65.18,67.8325,1914574
2025-02-10 15:00:00,67.835,68.66,67.36,67.76,1790476
2025-02-10 16:00:00,67.76,67.99,67.6,67.95,856080
2025-02-10 17:00:00,67.97,68.65,67.89,68.59,710444
2025-02-10 18:00:00,68.59,68.75,68.27,68.28,753138
2025-02-10 19:00:00,68.27,68.56,68.09,68.29,750412
2025-02-10 20:00:00,68.3,69.36,68.28,69.04,2491324
2025-02-10 21:00:00,69.04,69.25,68.5,68.5,70625
2025-02-10 22:00:00,68.7,69.04,68.7,68.75,1346
2025-02-10 23:00:00,69.0,69.0,69.0,69.0,1500
2025-02-11 00:00:00,69.04,69.04,69.04,69.04,150
2025-02-11 12:00:00,68.44,68.58,68.43,68.43,1248
2025-02-11 13:00:00,68.44,68.75,68.21,68.21,10371
2025-02-11 14:00:00,68.16,70.01,68.15,69.865,974858
2025-02-11 15:00:00,69.87,70.19,69.35,69.62,969078
2025-02-11 16:00:00,69.62,70.7,68.5,69.15,1894453
2025-02-11 17:00:00,69.11,69.515,68.07,69.265,1218021
2025-02-11 18:00:00,69.27,69.65,69.1,69.31,815432
2025-02-11 19:00:00,69.31,69.4,68.88,69.09,670522
2025-02-11 20:00:00,69.12,69.27,68.73,68.93,1500866
2025-02-11 21:00:00,68.92,68.92,68.01,68.38,337314
2025-02-11 22:00:00,68.5,68.69,68.46,68.69,3963
2025-02-11 23:00:00,68.8,69.0,68.69,68.69,900
2025-02-12 00:00:00,68.8,68.8,68.75,68.75,1100
2025-02-12 09:00:00,69.42,69.42,68.91,68.91,908
2025-02-12 10:00:00,68.9,68.9,68.9,68.9,233
2025-02-12 12:00:00,68.91,68.91,68.91,68.91,169
2025-02-12 13:00:00,68.89,69.49,68.03,68.03,4542
2025-02-12 14:00:00,68.01,69.02,67.3,68.48,646425
2025-02-12 15:00:00,68.485,68.71,66.69,67.445,1750725
2025-02-12 16:00:00,67.445,67.67,66.3,67.06,1409431
2025-02-12 17:00:00,67.06,67.35,66.87,67.14,638156
2025-02-12 18:00:00,67.13,67.34,66.95,66.97,500090
2025-02-12 19:00:00,66.97,67.62,66.79,67.605,689737
2025-02-12 20:00:00,67.605,67.95,67.13,67.28,1765564
2025-02-12 21:00:00,67.28,67.28,67.28,67.28,60786
2025-02-13 00:00:00,67.32,67.32,67.32,67.32,200
2025-02-13 10:00:00,67.46,67.46,67.45,67.45,499
2025-02-13 11:00:00,67.25,67.26,67.06,67.06,800
2025-02-13 12:00:00,67.35,67.35,67.35,67.35,155
2025-02-13 13:00:00,67.3,67.45,67.28,67.28,114198
2025-02-13 14:00:00,67.42,67.93,66.67,67.3525,484012
2025-02-13 15:00:00,67.4,67.61,66.815,67.16,627930
2025-02-13 16:00:00,67.165,67.73,67.14,67.66,542881
2025-02-13 17:00:00,67.66,67.985,67.6,67.84,502035
2025-02-13 18:00:00,67.84,67.96,67.52,67.88,594589
2025-02-13 19:00:00,67.88,68.185,67.85,68.145,594746
2025-02-13 20:00:00,68.14,68.28,67.24,67.58,1366532
2025-02-13 21:00:00,67.56,67.56,67.56,67.56,32038
2025-02-14 09:00:00,68.01,68.01,68.01,68.01,164
2025-02-14 10:00:00,68.0,68.0,68.0,68.0,437
2025-02-14 13:00:00,67.59,67.59,67.59,67.59,501
2025-02-14 14:00:00,67.5,68.5,67.5,68.385,561055
2025-02-14 15:00:00,68.37,68.6,67.6,68.55,1012898
2025-02-14 16:00:00,68.56,68.87,67.985,68.05,615849
2025-02-14 17:00:00,68.03,68.32,67.815,68.28,388284
2025-02-14 18:00:00,68.29,68.325,67.47,67.82,493184
2025-02-14 19:00:00,67.825,67.92,67.79,67.89,798879
2025-02-14 20:00:00,67.87,68.49,67.81,68.42,1221157
2025-02-14 21:00:00,68.39,68.9999,68.31,68.39,65922
2025-02-14 23:00:00,68.67,68.67,68.67,68.67,3433
2025-02-15 00:00:00,68.68,68.68,68.68,68.68,1300
2025-02-18 09:00:00,69.45,70.01,69.35,70.01,9449
2025-02-18 10:00:00,70.01,70.02,70.0,70.01,14062
2025-02-18 11:00:00,70.0,70.39,70.0,70.39,4121
2025-02-18 12:00:00,70.05,70.13,69.925,69.925,9664
2025-02-18 13:00:00,70.0,70.3803,69.38,70.06,64035
2025-02-18 14:00:00,70.19,71.4,69.89,70.505,1342116
2025-02-18 15:00:00,70.505,70.8,70.03,70.41,993871
2025-02-18 16:00:00,70.4,70.91,70.3,70.79,899199
2025-02-18 17:00:00,70.795,71.88,70.75,71.5,1344352
2025-02-18 18:00:00,71.495,71.84,70.59,70.66,821081
2025-02-18 19:00:00,70.67,71.29,70.52,71.265,515375
2025-02-18 20:00:00,71.27,72.09,71.17,72.02,1990844
2025-02-18 21:00:00,72.03,72.27,71.95,72.2,156450
2025-02-18 22:00:00,72.0,72.0,72.0,72.0,100
2025-02-19 11:00:00,72.15,72.15,71.87,71.87,1430
2025-02-19 13:00:00,72.1,72.1,71.8,71.8,1258
2025-02-19 14:00:00,71.7,72.2,71.25,71.605,738111
2025-02-19 15:00:00,71.63,72.06,71.595,71.717,771717
2025-02-19 16:00:00,71.75,72.26,71.51,71.79,697481
2025-02-19 17:00:00,71.805,71.89,71.18,71.6526,394335
2025-02-19 18:00:00,71.655,71.67,71.2,71.35,330706
2025-02-19 19:00:00,71.35,71.69,71.32,71.545,424481
2025-02-19 20:00:00,71.54,71.705,71.19,71.53,1177950
2025-02-19 21:00:00,71.5,71.52,71.0,71.0,97088
2025-02-19 22:00:00,71.2,71.2,71.2,71.2,400
2025-02-19 23:00:00,71.2,71.2,71.2,71.2,267
2025-02-20 11:00:00,71.88,71.88,71.88,71.88,100
2025-02-20 12:00:00,71.76,71.76,71.61,71.61,439
2025-02-20 14:00:00,71.7,71.7697,70.07,70.155,572957
2025-02-20 15:00:00,70.16,71.11,69.91,70.96,570218
2025-02-20 16:00:00,70.97,71.65,70.94,71.07,826923
2025-02-20 17:00:00,71.07,71.52,71.065,71.225,375564
2025-02-20 18:00:00,71.21,71.225,70.89,71.14,275869
2025-02-20 19:00:00,71.12,71.15,70.79,71.08,275730
2025-02-20 20:00:00,71.06,71.4,70.8,71.28,924722
2025-02-20 21:00:00,71.29,71.7699,71.2215,71.2215,58784
2025-02-20 22:00:00,71.29,71.29,71.29,71.29,295
2025-02-20 23:00:00,71.25,71.25,71.25,71.25,490
2025-02-21 09:00:00,71.29,71.29,71.29,71.29,262
2025-02-21 10:00:00,70.75,70.75,70.75,70.75,200
2025-02-21 11:00:00,70.99,70.99,70.8,70.8,490
2025-02-21 14:00:00,71.37,71.66,70.91,71.03,434748
2025-02-21 15:00:00,71.03,71.52,70.55,70.57,815226
2025-02-21 16:00:00,70.575,70.88,70.38,70.7,909589
2025-02-21 17:00:00,70.695,70.78,69.8617,69.975,662236
2025-02-21 18:00:00,69.93,70.15,68.72,68.75,1760884
2025-02-21 19:00:00,68.735,68.8,67.77,67.955,923653
2025-02-21 20:00:00,67.94,68.9,67.91,68.71,2477229
2025-02-21 21:00:00,68.705,69.23,68.705,68.99,42941
2025-02-21 22:00:00,68.79,68.98,68.67,68.67,1205
2025-02-21 23:00:00,68.6606,68.9,68.6603,68.6603,7137
2025-02-22 00:00:00,68.9,68.9,68.666,68.666,408
2025-02-24 09:00:00,53.0,53.06,53.0,53.03,1864
2025-02-24 10:00:00,52.97,53.0,52.81,52.98,2739
2025-02-24 11:00:00,52.92,52.95,52.79,52.84,758
2025-02-24 12:00:00,52.97,52.98,52.55,52.55,5580
2025-02-24 13:00:00,52.8,52.95,51.9151,52.59,58154
2025-02-24 14:00:00,52.55,52.7,49.84,49.86,1404344
2025-02-24 15:00:00,49.86,50.1,48.23,48.52,2565230
2025-02-24 16:00:00,48.52,49.655,48.43,49.415,2200648
2025-02-24 17:00:00,49.4,49.67,49.0547,49.255,1021412
2025-02-24 18:00:00,49.255,49.45,49.01,49.35,957729
2025-02-24 19:00:00,49.35,49.6952,49.06,49.6275,1601162
2025-02-24 20:00:00,49.64,49.68,48.96,49.02,3741760
2025-02-24 21:00:00,49.02,49.0356,48.31,49.0356,218469
2025-02-24 22:00:00,48.65,48.6755,48.28,48.28,6775
2025-02-24 23:00:00,48.29,49.02,48.29,48.56,339642
2025-02-25 00:00:00,48.316,48.55,48.316,48.55,495
2025-02-25 09:00:00,48.5,49.0,48.5,48.85,4683
2025-02-25 10:00:00,48.25,48.25,48.25,48.25,110
2025-02-25 12:00:00,48.65,48.89,48.41,48.81,17772
2025-02-25 13:00:00,48.75,49.34,48.284,49.05,21193
2025-02-25 14:00:00,49.1,50.7,48.71,50.28,1470633
2025-02-25 15:00:00,50.3,51.13,49.82,51.09,1683269
2025-02-25 16:00:00,51.06,51.06,50.21,50.34,1564847
2025-02-25 17:00:00,50.3,50.51,49.63,49.92,801279
2025-02-25 18:00:00,49.91,50.3,49.87,49.965,918541
2025-02-25 19:00:00,49.95,50.04,49.63,49.85,1007335
2025-02-25 20:00:00,49.85,50.06,48.965,49.07,2561472
2025-02-25 21:00:00,49.07,49.2,49.07,49.07,91387
2025-02-25 22:00:00,49.5,49.5,49.07,49.5,42124
2025-02-25 23:00:00,49.82,49.82,49.82,49.82,100
2025-02-26 00:00:00,49.96,49.96,49.8982,49.8982,4411
2025-02-26 09:00:00,49.66,49.66,49.54,49.54,392
2025-02-26 11:00:00,49.93,50.0,49.5,49.5,2368
2025-02-26 12:00:00,49.83,49.83,49.8,49.8,1961
2025-02-26 13:00:00,49.81,49.81,49.3,49.78,9627
2025-02-26 14:00:00,49.76,49.99,48.77,49.73,967717
2025-02-26 15:00:00,49.755,50.46,49.615,50.3,1279257
2025-02-26 16:00:00,50.31,50.7,50.31,50.365,651053
2025-02-26 17:00:00,50.38,50.71,50.34,50.45,580061
2025-02-26 18:00:00,50.44,50.49,49.7664,49.85,652474
2025-02-26 19:00:00,49.845,50.27,49.78,49.97,664638
2025-02-26 20:00:00,49.97,50.3,49.83,50.13,1943212
2025-02-26 21:00:00,50.16,50.5,50.16,50.16,765340
2025-02-27 00:00:00,50.92,50.92,50.92,50.92,150
2025-02-27 12:00:00,50.69,50.75,50.69,50.75,1491
2025-02-27 13:00:00,50.76,50.76,50.35,50.35,1063
2025-02-27 14:00:00,50.38,51.39,50.275,50.32,810905
2025-02-27 15:00:00,50.25,51.48,50.04,50.915,920079
2025-02-27 16:00:00,50.915,51.18,50.54,50.66,650935
2025-02-27 17:00:00,50.67,51.12,50.58,51.0,403323
2025-02-27 18:00:00,51.02,51.41,50.98,51.18,385952
2025-02-27 19:00:00,51.2,51.2,50.23,50.31,943980
2025-02-27 20:00:00,50.32,50.39,48.11,48.19,2922715
2025-02-27 21:00:00,48.2,48.6203,47.93,48.2,614800
2025-02-27 22:00:00,48.2,48.2,48.2,48.2,13900
2025-02-27 23:00:00,48.23,48.23,48.21,48.22,1104
2025-02-28 00:00:00,48.34,48.34,48.34,48.34,100
2025-02-28 09:00:00,48.14,48.14,48.14,48.14,227
2025-02-28 10:00:00,48.18,48.51,48.18,48.37,2265
2025-02-28 12:00:00,48.21,48.21,48.1,48.11,3196
2025-02-28 13:00:00,48.1065,48.4,47.89,48.4,11341
2025-02-28 14:00:00,48.23,49.25,48.0,48.81,991525
2025-02-28 15:00:00,48.83,50.08,48.74,49.365,1083683
2025-02-28 16:00:00,49.385,49.42,48.75,49.005,462423
2025-02-28 17:00:00,49.005,49.02,48.15,48.17,361378
2025-02-28 18:00:00,48.16,48.52,48.01,48.1,652072
2025-02-28 19:00:00,48.1,48.59,48.095,48.58,602078
2025-02-28 20:00:00,48.54,49.01,48.3,48.96,1633139
2025-02-28 21:00:00,48.93,48.95,48.2057,48.2057,96852
2025-03-03 12:00:00,49.06,49.06,49.04,49.04,275
2025-03-03 13:00:00,49.28,49.98,49.28,49.8,3876
2025-03-03 14:00:00,49.69,49.83,48.15,48.21,507925
2025-03-03 15:00:00,48.18,49.25,47.88,48.79,612229
2025-03-03 16:00:00,48.815,49.06,48.34,48.58,448915
2025-03-03 17:00:00,48.59,48.8275,48.43,48.5,447707
2025-03-03 18:00:00,48.5,48.5939,47.68,47.98,636859
2025-03-03 19:00:00,47.96,48.06,47.32,47.325,420907
2025-03-03 20:00:00,47.315,47.315,46.5,47.05,2119758
2025-03-03 21:00:00,47.01,47.01,46.99,47.01,97011
2025-03-03 22:00:00,47.01,47.01,47.01,47.01,10000
2025-03-03 23:00:00,47.0041,47.6,47.0041,47.6,1103
2025-03-04 00:00:00,47.0247,47.0247,47.0247,47.0247,100
2025-03-04 10:00:00,47.0,47.0,47.0,47.0,200
2025-03-04 13:00:00,46.0,47.01,46.0,46.45,4911
2025-03-04 14:00:00,46.6,46.61,44.78,44.78,855653
2025-03-04 15:00:00,44.8,45.05,44.25,44.91,1341853
2025-03-04 16:00:00,44.9,45.29,44.53,45.19,886531
2025-03-04 17:00:00,45.21,45.6,45.07,45.19,1215744
2025-03-04 18:00:00,45.18,45.76,45.015,45.51,982868
2025-03-04 19:00:00,45.53,45.91,45.44,45.855,1773997
2025-03-04 20:00:00,45.85,46.23,44.58,44.62,2494349
2025-03-04 21:00:00,44.63,45.4,44.63,44.63,113223
2025-03-04 22:00:00,45.35,45.35,45.35,45.35,100
2025-03-05 11:00:00,45.06,45.06,45.06,45.06,236
2025-03-05 13:00:00,45.0,45.06,44.99,45.0,64269
2025-03-05 14:00:00,44.66,44.69,43.65,43.65,508676
2025-03-05 15:00:00,43.73,44.4,43.62,43.94,818297
2025-03-05 16:00:00,43.91,43.92,43.25,43.41,713759
2025-03-05 17:00:00,43.4,43.91,43.4,43.88,626854
2025-03-05 18:00:00,43.875,43.97,43.415,43.93,510028
2025-03-05 19:00:00,43.93,44.28,43.75,44.13,1040398
2025-03-05 20:00:00,44.13,44.47,43.97,44.19,1693471
2025-03-05 21:00:00,44.2,44.2,44.2,44.2,395045
2025-03-05 22:00:00,44.2,44.2,44.05,44.05,251
2025-03-05 23:00:00,44.1,44.1,44.1,44.1,100
2025-03-06 09:00:00,43.63,43.63,43.6,43.6,979
2025-03-06 13:00:00,43.2203,44.2,43.2203,44.2,12771
2025-03-06 14:00:00,43.1419,43.17,42.12,42.54,654073
2025-03-06 15:00:00,42.52,43.12,42.33,42.47,1507252
2025-03-06 16:00:00,42.49,42.7,42.02,42.22,921050
2025-03-06 17:00:00,42.2,42.23,41.36,41.67,985123
2025-03-06 18:00:00,41.66,42.26,41.62,41.97,1044879
2025-03-06 19:00:00,41.97,42.2,41.53,41.54,1032856
2025-03-06 20:00:00,41.53,42.0,41.355,41.44,3611390
2025-03-06 21:00:00,41.45,41.56,41.44,41.56,61791
2025-03-06 22:00:00,41.6798,41.6798,41.5,41.58,910
2025-03-06 23:00:00,41.55,41.6743,41.55,41.6743,279
2025-03-07 12:00:00,41.48,41.48,41.48,41.48,241
2025-03-07 13:00:00,41.46,42.18,41.46,41.78,16177
2025-03-07 14:00:00,41.51,42.2,41.18,41.97,1077125
2025-03-07 15:00:00,41.965,42.48,41.645,42.095,2579379
2025-03-07 16:00:00,42.08,42.1,40.4144,40.51,1505713
2025-03-07 17:00:00,40.52,41.4,40.5,41.02,963945
2025-03-07 18:00:00,41.03,41.89,41.03,41.67,1067363
2025-03-07 19:00:00,41.67,41.89,41.54,41.55,615060
2025-03-07 20:00:00,41.54,41.82,41.36,41.71,2001168
2025-03-07 21:00:00,41.7,41.7,41.5,41.52,83696
2025-03-07 22:00:00,41.6413,41.7,41.6413,41.65,1317
2025-03-10 08:00:00,41.05,41.05,41.0,41.0,343
2025-03-10 11:00:00,41.26,41.26,41.2,41.2,652
2025-03-10 13:00:00,40.8016,40.88,40.13,40.72,575206
2025-03-10 14:00:00,40.72,40.745,39.415,39.51,994056
2025-03-10 15:00:00,39.51,40.08,39.48,39.71,1059909
2025-03-10 16:00:00,39.71,40.18,39.7,40.05,907862
2025-03-10 17:00:00,40.04,40.075,39.8281,40.0,1066079
2025-03-10 18:00:00,40.005,40.16,39.81,39.8225,1014620
2025-03-10 19:00:00,39.82,40.885,39.69,40.53,2959727
2025-03-10 20:00:00,40.54,45.18,40.52,40.54,191367
2025-03-10 21:00:00,40.54,40.54,39.9094,39.9094,1850
2025-03-10 22:00:00,40.02,40.02,40.02,40.02,510
2025-03-10 23:00:00,40.36,40.36,40.36,40.36,115
2025-03-11 12:00:00,41.0,41.0,40.94,40.94,2209
2025-03-11 13:00:00,40.5,41.59,40.31,41.505,586760
2025-03-11 14:00:00,41.5,41.83,40.66,40.91,1136526
2025-03-11 15:00:00,40.885,41.82,40.84,41.52,885280
2025-03-11 16:00:00,41.51,41.61,41.11,41.18,654725
2025-03-11 17:00:00,41.19,41.47,41.06,41.41,885203
2025-03-11 18:00:00,41.41,42.84,41.4,42.66,1215377
2025-03-11 19:00:00,42.67,42.71,41.75,41.77,2470524
2025-03-11 20:00:00,41.8,41.99,41.78,41.8,107250
2025-03-11 21:00:00,41.96,41.96,41.96,41.96,107
2025-03-12 08:00:00,42.0,42.0,42.0,42.0,395
2025-03-12 09:00:00,42.3,42.3,42.3,42.3,100
2025-03-12 10:00:00,42.28,42.3,42.28,42.3,400
2025-03-12 11:00:00,42.12,42.29,42.12,42.29,361
2025-03-12 12:00:00,41.8,42.78,41.8,42.61,10546
2025-03-12 13:00:00,42.7015,43.7,42.61,42.92,839433
2025-03-12 14:00:00,42.92,43.33,42.34,42.4,651132
2025-03-12 15:00:00,42.4,43.24,42.26,43.075,664195
2025-03-12 16:00:00,43.06,43.215,42.72,42.95,569302
2025-03-12 17:00:00,42.95,43.19,42.77,42.77,487984
2025-03-12 18:00:00,42.775,43.375,42.75,43.32,536758
2025-03-12 19:00:00,43.32,43.32,42.86,42.96,1195803
2025-03-12 20:00:00,42.96,42.97,42.95,42.95,119392
2025-03-12 23:00:00,43.329,43.329,43.329,43.329,150
2025-03-13 08:00:00,42.91,42.91,42.91,42.91,100
2025-03-13 10:00:00,42.86,42.86,42.86,42.86,233
2025-03-13 11:00:00,43.0,43.0,43.0,43.0,170
2025-03-13 12:00:00,42.8,43.0,42.56,42.5703,1006
2025-03-13 13:00:00,43.239,43.239,42.26,42.3,295571
2025-03-13 14:00:00,42.3,43.04,42.09,42.76,725452
2025-03-13 15:00:00,42.78,42.94,42.18,42.295,618578
2025-03-13 16:00:00,42.305,42.49,42.1203,42.2,331145
2025-03-13 17:00:00,42.21,42.31,41.70677,41.7943,507378
2025-03-13 18:00:00,41.77,42.28,41.77,42.23,560646
2025-03-13 19:00:00,42.21,42.355,41.96,42.03,1272863
2025-03-13 20:00:00,42.03,42.03,42.03,42.03,74277
2025-03-13 22:00:00,42.04,42.04,42.04,42.04,250
2025-03-14 12:00:00,43.42,43.42,42.03,43.0,5055
2025-03-14 13:00:00,43.05,44.04,42.83,43.93,618976
2025-03-14 14:00:00,43.9,44.3,43.62,44.265,1185647
2025-03-14 15:00:00,44.26,44.77,44.2,44.71,767780
2025-03-14 16:00:00,44.71,44.79,44.49,44.77,754338
2025-03-14 17:00:00,44.76,44.85,44.525,44.595,924708
2025-03-14 18:00:00,44.6,44.85,44.55,44.755,678621
2025-03-14 19:00:00,44.75,44.82,44.49,44.54,1632126
2025-03-14 20:00:00,44.53,44.53,43.6735,44.53,106279
2025-03-14 22:00:00,44.4002,44.4002,44.4,44.4,237
2025-03-14 23:00:00,44.49,44.51,44.49,44.5,1100
2025-03-17 08:00:00,44.52,44.52,44.52,44.52,160
2025-03-17 11:00:00,44.5,44.51,44.49,44.5,1854
2025-03-17 12:00:00,44.5,44.59,44.5,44.59,3383
2025-03-17 13:00:00,44.65,45.44,44.42,45.2174,418661
2025-03-17 14:00:00,45.2,45.36,44.85,45.03,589793
2025-03-17 15:00:00,45.05,45.15,44.86,45.1,769381
2025-03-17 16:00:00,45.095,45.29,44.85,45.02,444119
2025-03-17 17:00:00,45.01,45.21,44.855,44.93,497472
2025-03-17 18:00:00,44.92,45.37,44.9,45.34,499083
2025-03-17 19:00:00,45.34,45.4,44.73,44.76,1359169
2025-03-17 20:00:00,44.75,44.75,44.5,44.75,31232
2025-03-17 21:00:00,44.7397,44.7397,44.7397,44.7397,1001
2025-03-17 22:00:00,44.74,44.75,44.74,44.75,801
2025-03-18 12:00:00,44.6605,44.6605,44.0005,44.0024,1476
2025-03-18 13:00:00,44.0,44.75,43.96,44.085,313635
2025-03-18 14:00:00,44.09,44.36,43.88,43.905,712069
2025-03-18 15:00:00,43.9,44.07,43.67,44.0,380981
2025-03-18 16:00:00,44.025,44.36,43.99,44.27,267103
2025-03-18 17:00:00,44.26,44.36,44.15,44.245,303416
2025-03-18 18:00:00,44.22,44.495,44.07,44.4,420954
2025-03-18 19:00:00,44.39,44.56,44.285,44.33,1426648
2025-03-18 20:00:00,44.34,44.41,44.33,44.34,276400
2025-03-18 21:00:00,44.37,44.37,44.34,44.34,21988
2025-03-18 23:00:00,44.34,44.34,44.34,44.34,133
2025-03-19 10:00:00,44.6,44.9,44.6,44.78,1704
2025-03-19 12:00:00,44.39,44.39,44.39,44.39,545
2025-03-19 13:00:00,44.61,44.795,44.15,44.74,136963
2025-03-19 14:00:00,44.76,44.97,44.71,44.78,188736
2025-03-19 15:00:00,44.77,45.05,44.765,44.96,170185
2025-03-19 16:00:00,44.97,45.07,44.88,44.955,172256
2025-03-19 17:00:00,44.94,44.97,44.7,44.71,182081
2025-03-19 18:00:00,44.7,45.2499,44.6,45.21,407790
2025-03-19 19:00:00,45.2,45.43,44.78,44.9,1032843
2025-03-19 20:00:00,44.9,44.9,44.9,44.9,50999
2025-03-19 21:00:00,44.88,44.88,44.88,44.88,202
2025-03-19 22:00:00,45.4067,45.4067,45.4067,45.4067,100
2025-03-20 11:00:00,44.78,44.78,44.78,44.78,200
2025-03-20 12:00:00,44.9,44.9,44.9,44.9,49500
2025-03-20 13:00:00,44.26,45.09,44.245,45.035,577453
2025-03-20 14:00:00,45.01,45.5299,44.99,45.225,375332
2025-03-20 15:00:00,45.215,45.4196,45.165,45.23,342438
2025-03-20 16:00:00,45.21,45.39,44.95,44.97,207274
2025-03-20 17:00:00,44.97,45.1,44.705,44.755,179454
2025-03-20 18:00:00,44.75,44.8,44.5,44.51,236582
2025-03-20 19:00:00,44.51,44.91,44.48,44.53,1179167
2025-03-20 20:00:00,44.51,45.4499,44.51,45.011,110021
2025-03-20 21:00:00,45.01,45.435,45.0,45.42,3264
2025-03-20 22:00:00,45.01,45.05,45.0,45.05,11218
2025-03-21 08:00:00,44.65,44.65,44.3,44.3,1918
2025-03-21 09:00:00,44.21,44.29,44.2,44.24,4171
2025-03-21 10:00:00,44.05,44.05,43.99,43.99,3607
2025-03-21 12:00:00,44.1,44.51,44.0,44.51,39965
2025-03-21 13:00:00,44.51,44.51,43.18,43.47,901769
2025-03-21 14:00:00,43.49,43.85,43.32,43.82,672097
2025-03-21 15:00:00,43.84,43.8567,43.23,43.32,381912
2025-03-21 16:00:00,43.31,44.01,43.22,43.965,808409
2025-03-21 17:00:00,43.965,44.015,43.84,43.93,413227
2025-03-21 18:00:00,43.925,44.08,43.855,43.865,396041
2025-03-21 19:00:00,43.85,43.89,43.65,43.66,1356334
2025-03-21 20:00:00,43.66,43.71,43.6584,43.66,334250
2025-03-21 21:00:00,43.66,43.66,43.66,43.66,15351
2025-03-21 22:00:00,43.7155,43.7155,43.7155,43.7155,352
2025-03-24 08:00:00,44.21,44.21,44.21,44.21,212
2025-03-24 11:00:00,44.46,44.5,44.46,44.5,561
2025-03-24 12:00:00,44.49,44.64,44.45,44.63,1275
2025-03-24 13:00:00,44.56,44.855,44.38,44.46,383608
2025-03-24 14:00:00,44.455,44.565,43.445,43.48,1135885
2025-03-24 15:00:00,43.49,44.12,43.445,44.07,622051
2025-03-24 16:00:00,44.06,44.35,43.99,44.295,426613
2025-03-24 17:00:00,44.29,44.48,44.22,44.34,409047
2025-03-24 18:00:00,44.34,44.39,44.12,44.32,467646
2025-03-24 19:00:00,44.33,44.61,44.165,44.288,1344670
2025-03-24 20:00:00,44.31,44.31,44.21,44.21,70178
2025-03-24 23:00:00,44.3,44.3,44.3,44.3,100
2025-03-25 12:00:00,44.4768,44.4799,44.44,44.44,310
2025-03-25 13:00:00,44.4799,44.4799,42.84,42.96,615616
2025-03-25 14:00:00,42.925,43.01,42.54,42.66,1412094
2025-03-25 15:00:00,42.6598,43.4,42.65,43.4,933371
2025-03-25 16:00:00,43.4,43.71,43.22,43.235,700256
2025-03-25 17:00:00,43.235,43.24,42.8,43.05,920417
2025-03-25 18:00:00,43.02,43.07,42.86,43.03,472180
2025-03-25 19:00:00,43.02,43.5,43.0,43.35,1715323
2025-03-25 20:00:00,43.39,43.44,43.39,43.43,310029
2025-03-26 10:00:00,43.87,44.0,43.87,44.0,1000
2025-03-26 11:00:00,43.58,43.71,43.58,43.7,2952
2025-03-26 12:00:00,43.7003,43.71,43.55,43.56,4742
2025-03-26 13:00:00,43.56,43.63,42.735,42.84,293841
2025-03-26 14:00:00,42.845,43.04,42.605,42.78,1180948
2025-03-26 15:00:00,42.77,43.08,42.77,42.77,728777
2025-03-26 16:00:00,42.765,42.825,42.27,42.28,448440
2025-03-26 17:00:00,42.27,42.42,42.21,42.29,477493
2025-03-26 18:00:00,42.3,42.56,42.23,42.355,550979
2025-03-26 19:00:00,42.35,42.68,42.285,42.62,1404471
2025-03-26 20:00:00,42.62,42.62,42.61,42.61,40705
2025-03-26 22:00:00,42.1,42.1,42.1,42.1,301
2025-03-27 08:00:00,42.59,42.59,42.59,42.59,100
2025-03-27 11:00:00,42.62,42.62,42.62,42.62,152
2025-03-27 12:00:00,42.5,42.5,42.37,42.37,2552
2025-03-27 13:00:00,42.16,42.49,41.9,42.38,331183
2025-03-27 14:00:00,42.39,42.85,42.31,42.68,599763
2025-03-27 15:00:00,42.66,42.91,42.57,42.58,604644
2025-03-27 16:00:00,42.59,42.765,42.3,42.3,373407
2025-03-27 17:00:00,42.31,42.45,42.01,42.07,550479
2025-03-27 18:00:00,42.09,42.2243,42.01,42.07,510115
2025-03-27 19:00:00,42.08,42.43,41.8644,41.87,1160200
2025-03-27 20:00:00,41.87,41.91,41.87,41.91,92366
2025-03-27 21:00:00,41.0558,41.0715,41.0558,41.0715,1100
2025-03-28 08:00:00,41.36,41.51,41.36,41.5,2263
2025-03-28 09:00:00,41.5,41.5,41.5,41.5,2168
2025-03-28 10:00:00,41.49,41.5,41.49,41.5,5995
2025-03-28 11:00:00,41.67,41.67,41.64,41.64,828
2025-03-28 12:00:00,41.6,41.6,41.52,41.52,4747
2025-03-28 13:00:00,41.52,41.99,41.38,41.53,310273
2025-03-28 14:00:00,41.5,41.71,40.97,41.0,537538
2025-03-28 15:00:00,40.99,41.06,40.66,40.665,378119
2025-03-28 16:00:00,40.66,40.825,40.55,40.67,278587
2025-03-28 17:00:00,40.65,40.88,40.55,40.88,386046
2025-03-28 18:00:00,40.88,40.97,40.68,40.68,568492
2025-03-28 19:00:00,40.68,40.81,40.49,40.62,779082
2025-03-28 20:00:00,40.62,41.91,40.6,40.6,45706
2025-03-28 21:00:00,40.56,40.62,40.56,40.62,592
