timestamp,open,high,low,close,volume
2024-08-01 08:00:00,36.36,36.36,36.36,36.36,100.0
2024-08-01 10:00:00,35.99,36.19,35.99,36.18,2287.0
2024-08-01 12:00:00,36.15,36.29,35.87,36.11,278121.0
2024-08-01 14:00:00,36.09,36.145,35.6,35.605,1012591.0
2024-08-01 16:00:00,35.6,35.655,35.22,35.3201,739216.0
2024-08-01 18:00:00,35.325,35.345,34.99,35.15,2107034.0
2024-08-01 20:00:00,35.17,35.17,35.06,35.17,135582.0
2024-08-01 22:00:00,35.17,35.17,34.51,34.51,1905.0
2024-08-02 08:00:00,34.42,34.43,34.22,34.28,1722.0
2024-08-02 10:00:00,34.44,34.44,34.44,34.44,753.0
2024-08-02 12:00:00,34.23,34.56,33.85,34.24,696568.0
2024-08-02 14:00:00,34.235,34.235,33.555,33.88,1668711.0
2024-08-02 16:00:00,33.88,33.97,33.585,33.645,855411.0
2024-08-02 18:00:00,33.64,33.83,33.59,33.72,1954928.0
2024-08-02 20:00:00,33.72,33.72,33.57,33.72,98691.0
2024-08-02 22:00:00,34.41,34.41,34.41,34.41,553.0
2024-08-05 08:00:00,32.7,32.71,30.71,31.02,2558.0
2024-08-05 10:00:00,31.7,32.39,31.7,31.98,6637.0
2024-08-05 12:00:00,32.0,32.86,31.32,32.25,909466.0
2024-08-05 14:00:00,32.25,32.98,32.23,32.87,1691968.0
2024-08-05 16:00:00,32.87,32.98,32.71,32.785,1005357.0
2024-08-05 18:00:00,32.79,32.825,32.465,32.75,2399004.0
2024-08-05 20:00:00,32.75,32.75,32.74607,32.75,105874.0
2024-08-05 22:00:00,32.95,32.95,32.95,32.95,400.0
2024-08-06 08:00:00,32.99,33.2,32.99,33.2,1245.0
2024-08-06 10:00:00,33.1,33.1,33.1,33.1,327.0
2024-08-06 12:00:00,33.1871,33.1871,32.52,32.7,587981.0
2024-08-06 14:00:00,32.725,33.065,32.65,32.92,1233710.0
2024-08-06 16:00:00,32.93,33.17,32.81,33.125,1492560.0
2024-08-06 18:00:00,33.125,33.1952,32.71,32.71,1820758.0
2024-08-06 20:00:00,32.72,33.16,32.5,32.6,98439.0
2024-08-06 22:00:00,32.44,32.45,32.44,32.45,487.0
2024-08-07 08:00:00,32.83,32.84,32.83,32.84,304.0
2024-08-07 12:00:00,32.99,33.08,32.72,33.01,596372.0
2024-08-07 14:00:00,33.01,33.04,32.495,32.645,1688267.0
2024-08-07 16:00:00,32.64,32.75,32.17,32.19,1041516.0
2024-08-07 18:00:00,32.185,32.24,31.951,32.03,2562099.0
2024-08-07 20:00:00,32.02,32.02,31.72,32.02,469693.0
2024-08-07 22:00:00,32.19,32.19,31.75,31.75,1836.0
2024-08-08 08:00:00,32.01,32.02,31.99,32.0,900.0
2024-08-08 10:00:00,31.97,32.0,31.97,32.0,2344.0
2024-08-08 12:00:00,32.19,32.56,32.18,32.5118,230299.0
2024-08-08 14:00:00,32.54,32.8,32.48,32.77,1526350.0
2024-08-08 16:00:00,32.77,32.88,32.6,32.84,1176867.0
2024-08-08 18:00:00,32.83,33.09,32.82,33.02,1956891.0
2024-08-08 20:00:00,33.02,33.03,33.02,33.02,45302.0
2024-08-08 22:00:00,33.16,33.16,33.16,33.16,200.0
2024-08-09 12:00:00,32.9473,33.29,32.86,33.245,372845.0
2024-08-09 14:00:00,33.24,33.64,33.175,33.42,1199182.0
2024-08-09 16:00:00,33.42,33.78,33.415,33.635,935398.0
2024-08-09 18:00:00,33.635,33.89,33.51,33.54,3049149.0
2024-08-09 20:00:00,33.54,33.54,33.54,33.54,92348.0
2024-08-12 10:00:00,33.75,33.75,33.75,33.75,500.0
2024-08-12 12:00:00,34.0,34.0,33.58,33.86,455875.0
2024-08-12 14:00:00,33.86,34.17,33.805,34.055,1236650.0
2024-08-12 16:00:00,34.055,34.1,33.72,33.76,918845.0
2024-08-12 18:00:00,33.76,33.83,33.69,33.8,1937646.0
2024-08-12 20:00:00,33.78,33.78,33.78,33.78,89563.0
2024-08-13 12:00:00,34.11,34.41,33.97,34.39,266379.0
2024-08-13 14:00:00,34.395,34.665,34.27,34.645,1343910.0
2024-08-13 16:00:00,34.645,34.76,34.49,34.55,1000939.0
2024-08-13 18:00:00,34.55,34.78,34.52,34.75,2120658.0
2024-08-13 20:00:00,34.76,34.76,34.76,34.76,117905.0
2024-08-14 12:00:00,34.69,34.9,34.69,34.72,452290.0
2024-08-14 14:00:00,34.725,35.015,34.54,34.98,1367153.0
2024-08-14 16:00:00,34.975,34.995,34.69,34.78,551016.0
2024-08-14 18:00:00,34.775,34.855,34.74,34.77,1618968.0
2024-08-14 20:00:00,34.75,34.75,34.7,34.75,125504.0
2024-08-15 08:00:00,34.78,34.78,34.78,34.78,581.0
2024-08-15 10:00:00,34.78,34.78,34.78,34.78,125.0
2024-08-15 12:00:00,34.94,35.448,34.76,35.265,284845.0
2024-08-15 14:00:00,35.265,35.44,35.21,35.395,703634.0
2024-08-15 16:00:00,35.3921,35.559,35.33,35.345,961046.0
2024-08-15 18:00:00,35.345,35.52,35.27,35.52,2040818.0
2024-08-15 20:00:00,35.49,35.49,35.2,35.2,85385.0
2024-08-16 08:00:00,35.56,35.56,35.47,35.47,977.0
2024-08-16 12:00:00,35.5,35.63,35.04,35.52,377724.0
2024-08-16 14:00:00,35.525,35.73,35.52,35.72,797020.0
2024-08-16 16:00:00,35.72,35.99,35.7,35.9397,777405.0
2024-08-16 18:00:00,35.935,36.03,35.875,35.91,2359515.0
2024-08-16 20:00:00,35.91,35.91,35.91,35.91,58522.0
2024-08-19 08:00:00,35.68,35.68,35.18,35.18,9095.0
2024-08-19 10:00:00,35.13,35.18,35.07,35.08,4000.0
2024-08-19 12:00:00,35.41,35.45,34.31,34.3435,1616185.0
2024-08-19 14:00:00,34.35,34.83,34.28,34.64,2133036.0
2024-08-19 16:00:00,34.64,34.77,34.57,34.72,1038819.0
2024-08-19 18:00:00,34.715,34.765,34.49,34.61,3348452.0
2024-08-19 20:00:00,34.6,34.64,34.51,34.51,77880.0
2024-08-19 22:00:00,34.57,34.59,34.57,34.59,2651.0
2024-08-20 08:00:00,34.61,34.61,34.6,34.6,774.0
2024-08-20 12:00:00,34.62,35.035,34.59,34.97,386595.0
2024-08-20 14:00:00,34.98,35.0499,34.64,34.755,1262637.0
2024-08-20 16:00:00,34.75,34.83,34.64,34.78,1159718.0
2024-08-20 18:00:00,34.77,35.025,34.77,34.79,2311807.0
2024-08-20 20:00:00,34.81,34.937,34.81,34.937,148455.0
2024-08-21 10:00:00,34.81,34.81,34.8,34.8,704.0
2024-08-21 12:00:00,34.7306,35.21,34.09,34.865,350636.0
2024-08-21 14:00:00,34.865,35.14,34.86,35.105,754859.0
2024-08-21 16:00:00,35.1,35.32,35.005,35.22,846195.0
2024-08-21 18:00:00,35.22,35.325,35.145,35.27,1686033.0
2024-08-21 20:00:00,35.27,35.27,34.89,34.89,91098.0
2024-08-21 22:00:00,35.45,35.47,35.45,35.47,280.0
2024-08-22 08:00:00,35.42,35.42,35.37,35.37,731.0
2024-08-22 12:00:00,35.37,35.6789,35.1,35.64,356714.0
2024-08-22 14:00:00,35.64,35.665,35.235,35.3,1122478.0
2024-08-22 16:00:00,35.29,35.42,35.16,35.175,686305.0
2024-08-22 18:00:00,35.175,35.33,35.0,35.09,1873174.0
2024-08-22 20:00:00,35.08,35.58,34.96,34.96,53208.0
2024-08-23 10:00:00,35.29,35.29,35.27,35.27,573.0
2024-08-23 12:00:00,35.33,35.675,35.32,35.425,322831.0
2024-08-23 14:00:00,35.435,36.17,35.43,35.89,1322615.0
2024-08-23 16:00:00,35.88,36.0,35.74,35.855,918114.0
2024-08-23 18:00:00,35.855,36.05,35.63,35.67,2605884.0
2024-08-23 20:00:00,35.66,35.66,35.66,35.66,26849.0
2024-08-26 10:00:00,36.01,36.01,35.78,35.78,700.0
2024-08-26 12:00:00,36.26,36.26,35.69,36.1,375803.0
2024-08-26 14:00:00,36.1,36.125,35.355,35.36,1276760.0
2024-08-26 16:00:00,35.36,35.58,35.34,35.46,803737.0
2024-08-26 18:00:00,35.45,35.605,35.425,35.58,1986020.0
2024-08-26 20:00:00,35.57,35.57,35.57,35.57,39952.0
2024-08-26 22:00:00,35.35,35.45,35.35,35.45,480.0
2024-08-27 10:00:00,35.55,35.68,35.55,35.68,208.0
2024-08-27 12:00:00,35.69,35.7,35.32,35.53,452387.0
2024-08-27 14:00:00,35.53,35.68,35.42,35.535,1482085.0
2024-08-27 16:00:00,35.53,35.625,35.485,35.56,974726.0
2024-08-27 18:00:00,35.56,35.67,35.535,35.61,2129017.0
2024-08-27 20:00:00,35.6,35.6999,35.56,35.6999,50657.0
2024-08-27 22:00:00,35.56,35.56,35.55,35.55,500.0
2024-08-28 10:00:00,35.66,35.66,35.55,35.55,1125.0
2024-08-28 12:00:00,35.7,35.7,35.37,35.41,759453.0
2024-08-28 14:00:00,35.41,35.54,35.08,35.115,2081850.0
2024-08-28 16:00:00,35.115,35.14,34.825,34.835,1764332.0
2024-08-28 18:00:00,34.835,35.085,34.64,34.76,5614559.0
2024-08-28 20:00:00,34.76,35.37,32.71,33.74,219512.0
2024-08-28 22:00:00,33.73,33.83,33.1847,33.2,13867.0
2024-08-29 08:00:00,33.68,34.03,33.48,33.92,3917.0
2024-08-29 10:00:00,34.01,34.01,33.62,33.62,3488.0
2024-08-29 12:00:00,33.8305,35.7,33.3706,35.635,2682435.0
2024-08-29 14:00:00,35.64,36.8699,35.63,36.52,5925559.0
2024-08-29 16:00:00,36.535,36.545,35.775,35.845,2641873.0
2024-08-29 18:00:00,35.85,35.93,35.355,35.47,5859365.0
2024-08-29 20:00:00,35.46,35.62,35.21,35.21,130634.0
2024-08-29 22:00:00,35.55,35.55,35.52,35.52,500.0
2024-08-30 12:00:00,35.65,36.04,35.46,35.62,691169.0
2024-08-30 14:00:00,35.64,36.11,35.6,35.92,2072929.0
2024-08-30 16:00:00,35.915,36.04,35.82,35.825,1157374.0
2024-08-30 18:00:00,35.82,36.25,35.81,36.18,3387213.0
2024-08-30 20:00:00,36.18,36.663,36.18,36.18,153045.0
2024-09-03 08:00:00,36.18,36.18,36.01,36.02,680.0
2024-09-03 10:00:00,36.0,36.0,36.0,36.0,673.0
2024-09-03 12:00:00,36.0,36.18,35.8,35.89,673461.0
2024-09-03 14:00:00,35.87,35.91,35.31,35.575,2252129.0
2024-09-03 16:00:00,35.58,35.64,35.41,35.515,1561043.0
2024-09-03 18:00:00,35.52,35.525,35.14,35.39,3010839.0
2024-09-03 20:00:00,35.38,35.38,35.38,35.38,223906.0
2024-09-03 22:00:00,34.698,34.698,34.698,34.698,1003.0
2024-09-04 08:00:00,35.19,35.19,35.19,35.19,210.0
2024-09-04 10:00:00,35.32,35.32,35.32,35.32,100.0
2024-09-04 12:00:00,35.25,35.64,35.17,35.41,660647.0
2024-09-04 14:00:00,35.41,35.615,35.17,35.275,1696490.0
2024-09-04 16:00:00,35.27,35.405,35.18,35.32,1368921.0
2024-09-04 18:00:00,35.325,35.375,35.145,35.33,1806148.0
2024-09-04 20:00:00,35.33,35.33,35.26,35.33,134108.0
2024-09-05 12:00:00,35.21,35.21,34.64,34.675,590293.0
2024-09-05 14:00:00,34.68,34.91,34.48,34.525,1484199.0
2024-09-05 16:00:00,34.525,34.705,34.44,34.695,1377034.0
2024-09-05 18:00:00,34.695,34.725,34.34,34.4,2248499.0
2024-09-05 20:00:00,34.4,34.4,34.4,34.4,71719.0
2024-09-05 22:00:00,34.34,34.34,34.26,34.26,250.0
2024-09-06 12:00:00,34.25,34.635,34.23,34.39,500088.0
2024-09-06 14:00:00,34.39,34.59,34.1,34.185,1562209.0
2024-09-06 16:00:00,34.19,34.2,33.88,34.025,1047971.0
2024-09-06 18:00:00,34.03,34.035,33.765,33.82,3237351.0
2024-09-06 20:00:00,33.82,34.28,33.72,33.85,65606.0
2024-09-09 08:00:00,34.28,34.28,34.28,34.28,500.0
2024-09-09 12:00:00,34.28,34.83,34.04,34.79,877874.0
2024-09-09 14:00:00,34.8,34.815,34.02,34.31,2477075.0
2024-09-09 16:00:00,34.31,34.425,34.155,34.175,1472718.0
2024-09-09 18:00:00,34.17,34.27,34.08,34.18,3150599.0
2024-09-09 20:00:00,34.18,34.18,34.18,34.18,219056.0
2024-09-09 22:00:00,34.19,34.19,34.19,34.19,100.0
2024-09-10 10:00:00,34.18,34.18,34.18,34.18,480.0
2024-09-10 12:00:00,34.23,34.39,33.98,34.105,374371.0
2024-09-10 14:00:00,34.105,34.12,33.49,33.49,1754127.0
2024-09-10 16:00:00,33.4902,33.54,33.415,33.42,1835204.0
2024-09-10 18:00:00,33.414,33.635,33.37,33.47,2564148.0
2024-09-10 20:00:00,33.47,33.51,33.47,33.51,80480.0
2024-09-10 22:00:00,33.51,33.51,33.51,33.51,150.0
2024-09-11 08:00:00,33.2,33.21,33.2,33.21,484.0
2024-09-11 12:00:00,33.14,33.325,32.975,33.08,568770.0
2024-09-11 14:00:00,33.08,33.17,32.685,32.89,1402810.0
2024-09-11 16:00:00,32.895,33.175,32.8938,33.12,995884.0
2024-09-11 18:00:00,33.11,33.43,33.065,33.36,2468588.0
2024-09-11 20:00:00,33.35,33.37,33.21,33.31,164944.0
2024-09-12 12:00:00,33.46,33.47,33.01,33.055,481739.0
2024-09-12 14:00:00,33.055,33.205,32.95,33.005,1782704.0
2024-09-12 16:00:00,33.005,33.34,32.965,33.315,1062088.0
2024-09-12 18:00:00,33.315,33.315,32.975,33.1,2124581.0
2024-09-12 20:00:00,33.1,33.1,32.98,33.1,39431.0
2024-09-12 22:00:00,33.1,33.1,33.1,33.1,642.0
2024-09-13 08:00:00,32.96,33.05,32.96,33.05,1087.0
2024-09-13 12:00:00,33.0016,33.42,33.0016,33.4,382261.0
2024-09-13 14:00:00,33.38,33.5475,33.2512,33.35,1332385.0
2024-09-13 16:00:00,33.345,33.37,33.22,33.295,839386.0
2024-09-13 18:00:00,33.295,33.35,33.135,33.32,2104360.0
2024-09-13 20:00:00,33.32,33.34,33.32,33.32,82092.0
2024-09-16 08:00:00,33.31,33.31,33.31,33.31,179.0
2024-09-16 10:00:00,33.3,33.32,33.29,33.32,471.0
2024-09-16 12:00:00,33.33,33.75,33.14,33.75,520726.0
2024-09-16 14:00:00,33.745,33.75,33.39,33.5448,2060037.0
2024-09-16 16:00:00,33.55,33.575,33.3,33.56,1274243.0
2024-09-16 18:00:00,33.555,33.85,33.45,33.75,2853326.0
2024-09-16 20:00:00,33.76,33.86,33.76,33.86,26457.0
2024-09-16 22:00:00,33.8579,33.8579,33.8579,33.8579,1500.0
2024-09-17 08:00:00,33.79,33.79,33.79,33.79,550.0
2024-09-17 10:00:00,33.88,33.92,33.88,33.91,3795.0
2024-09-17 12:00:00,33.9999,34.405,33.88,34.05,765760.0
2024-09-17 14:00:00,34.06,34.905,34.06,34.57,2620887.0
2024-09-17 16:00:00,34.56,34.6192,34.215,34.305,1733259.0
2024-09-17 18:00:00,34.305,34.5,34.21,34.44,3055310.0
2024-09-17 20:00:00,34.43,34.43,34.43,34.43,609775.0
2024-09-17 22:00:00,34.44,34.44,34.43,34.43,268.0
2024-09-18 12:00:00,34.49,34.79,34.49,34.62,374804.0
2024-09-18 14:00:00,34.615,34.645,34.3,34.42,1122395.0
2024-09-18 16:00:00,34.42,34.62,34.4,34.595,741206.0
2024-09-18 18:00:00,34.59,34.98,34.52,34.54,3233053.0
2024-09-18 20:00:00,34.53,34.53,34.53,34.53,81439.0
2024-09-19 08:00:00,34.9,35.06,34.9,35.06,2931.0
2024-09-19 10:00:00,35.19,35.19,35.1,35.1,254.0
2024-09-19 12:00:00,35.1975,35.216,34.98,35.04,683443.0
2024-09-19 14:00:00,35.03,35.185,34.91,35.005,1607690.0
2024-09-19 16:00:00,35.005,35.2,35.0,35.155,968958.0
2024-09-19 18:00:00,35.16,35.19,34.8,34.82,2230847.0
2024-09-19 20:00:00,34.82,35.17,34.8,34.8,102053.0
2024-09-19 22:00:00,35.1268,35.1268,35.1268,35.1268,150.0
2024-09-20 10:00:00,34.83,34.83,34.82,34.82,736.0
2024-09-20 12:00:00,34.69,34.81,34.515,34.635,1012741.0
2024-09-20 14:00:00,34.635,34.655,34.435,34.56,1310095.0
2024-09-20 16:00:00,34.56,34.769,34.55,34.585,1081413.0
2024-09-20 18:00:00,34.585,34.92,34.385,34.75,3890683.0
2024-09-20 20:00:00,34.76,34.7616,34.68,34.76,6294531.0
2024-09-20 22:00:00,34.748,34.748,34.72,34.72,2102.0
2024-09-23 08:00:00,34.67,34.67,34.67,34.67,438.0
2024-09-23 10:00:00,34.78,34.78,34.78,34.78,210.0
2024-09-23 12:00:00,34.78,34.965,34.755,34.79,578016.0
2024-09-23 14:00:00,34.795,35.04,34.63,34.985,1145495.0
2024-09-23 16:00:00,34.98,35.24,34.91,35.2088,1124970.0
2024-09-23 18:00:00,35.205,35.245,35.07,35.1,1736628.0
2024-09-23 20:00:00,35.11,35.25,35.11,35.25,113521.0
2024-09-23 22:00:00,35.22,35.22,35.1099,35.1099,1300.0
2024-09-24 08:00:00,35.25,35.26,35.25,35.26,352.0
2024-09-24 12:00:00,35.11,35.49,35.11,35.48,365677.0
2024-09-24 14:00:00,35.485,35.68,35.41,35.625,1035444.0
2024-09-24 16:00:00,35.63,35.755,35.59,35.685,759544.0
2024-09-24 18:00:00,35.68,35.88,35.66,35.84,2237574.0
2024-09-24 20:00:00,35.84,35.85,35.5885,35.84,107726.0
2024-09-24 22:00:00,35.84,35.84,35.84,35.84,800.0
2024-09-25 08:00:00,35.78,35.78,35.6,35.6,350.0
2024-09-25 10:00:00,35.74,35.74,35.74,35.74,350.0
2024-09-25 12:00:00,35.55,36.41,35.55,36.31,917191.0
2024-09-25 14:00:00,36.28,36.31,35.97,36.105,1364385.0
2024-09-25 16:00:00,36.105,36.14,35.97,36.025,803608.0
2024-09-25 18:00:00,36.03,36.13,35.93,36.05,1886627.0
2024-09-25 20:00:00,36.05,36.33,36.0159,36.05,95247.0
2024-09-25 22:00:00,36.05,36.1,36.05,36.1,808.0
2024-09-26 08:00:00,36.51,36.51,36.48,36.48,200.0
2024-09-26 10:00:00,36.29,36.35,36.29,36.33,1535.0
2024-09-26 12:00:00,36.29,36.63,36.07,36.18,598263.0
2024-09-26 14:00:00,36.18,36.47,36.18,36.415,1437644.0
2024-09-26 16:00:00,36.415,36.685,36.375,36.6502,1042291.0
2024-09-26 18:00:00,36.655,36.93,36.63,36.83,2029990.0
2024-09-26 20:00:00,36.85,36.86,36.85,36.85,71910.0
2024-09-26 22:00:00,36.9499,36.9499,36.85,36.85,750.0
2024-09-27 10:00:00,36.65,36.65,35.58,35.76,25808.0
2024-09-27 12:00:00,35.75,36.3065,35.1054,35.45,1330204.0
2024-09-27 14:00:00,35.46,35.72,35.29,35.67,2132388.0
2024-09-27 16:00:00,35.675,35.88,35.6,35.78,954607.0
2024-09-27 18:00:00,35.78,35.815,35.365,35.4,2214853.0
2024-09-27 20:00:00,35.41,35.5,35.35,35.5,53783.0
2024-09-27 22:00:00,35.5,35.5,35.5,35.5,382.0
2024-09-30 12:00:00,35.38,35.965,35.23,35.76,609576.0
2024-09-30 14:00:00,35.75,35.895,35.67,35.675,1224703.0
2024-09-30 16:00:00,35.675,35.76,35.61,35.715,843666.0
2024-09-30 18:00:00,35.715,35.99,35.6625,35.88,2795530.0
2024-09-30 20:00:00,35.87,35.87,35.79,35.87,164474.0
2024-09-30 22:00:00,35.855,35.87,35.855,35.8699,539.0
2024-10-01 08:00:00,35.38,35.38,35.09,35.1,3024.0
2024-10-01 10:00:00,35.11,35.11,35.11,35.11,390.0
2024-10-01 12:00:00,35.19,35.49,34.24,34.48,1378588.0
2024-10-01 14:00:00,34.48,34.545,34.23,34.37,2528709.0
2024-10-01 16:00:00,34.37,34.465,34.15,34.455,1301562.0
2024-10-01 18:00:00,34.45,34.84,34.45,34.755,2668663.0
2024-10-01 20:00:00,34.76,34.76,34.58,34.76,46541.0
2024-10-01 22:00:00,34.51,34.51,34.51,34.51,975.0
2024-10-02 08:00:00,34.61,34.61,34.61,34.61,201.0
2024-10-02 10:00:00,34.67,34.67,34.67,34.67,559.0
2024-10-02 12:00:00,34.69,34.98,34.46,34.755,486021.0
2024-10-02 14:00:00,34.755,35.385,34.75,35.37,1260711.0
2024-10-02 16:00:00,35.38,35.475,35.24,35.3279,713564.0
2024-10-02 18:00:00,35.325,35.335,35.075,35.175,2059407.0
2024-10-02 20:00:00,35.18,35.18,35.18,35.18,36983.0
2024-10-02 22:00:00,35.18,35.1801,35.18,35.1801,432.0
2024-10-03 12:00:00,35.01,35.27,34.98,35.22,301317.0
2024-10-03 14:00:00,35.22,35.455,35.03,35.285,1132302.0
2024-10-03 16:00:00,35.285,35.37,35.09,35.195,1457036.0
2024-10-03 18:00:00,35.195,35.61,35.18,35.59,3063864.0
2024-10-03 20:00:00,35.6,35.6,35.6,35.6,111334.0
2024-10-04 08:00:00,35.43,35.43,35.43,35.43,225.0
2024-10-04 10:00:00,35.57,35.61,35.57,35.61,5865.0
2024-10-04 12:00:00,35.6,36.11,35.6,35.71,434728.0
2024-10-04 14:00:00,35.71,35.88,35.5601,35.695,1023640.0
2024-10-04 16:00:00,35.7,35.83,35.655,35.76,615728.0
2024-10-04 18:00:00,35.76,36.02,35.725,35.98,1542480.0
2024-10-04 20:00:00,35.99,35.99,35.96,35.96,179898.0
2024-10-04 22:00:00,36.1982,36.1982,36.1982,36.1982,802.0
2024-10-07 10:00:00,35.85,35.85,35.85,35.85,506.0
2024-10-07 12:00:00,35.97,36.165,35.92,36.04,359529.0
2024-10-07 14:00:00,36.045,36.23,35.83,35.86,969792.0
2024-10-07 16:00:00,35.855,36.025,35.775,35.935,502935.0
2024-10-07 18:00:00,35.935,35.98,35.715,35.92,1401787.0
2024-10-07 20:00:00,35.91,35.91,35.91,35.91,29522.0
2024-10-07 22:00:00,35.6889,35.6889,35.6889,35.6889,100.0
2024-10-08 08:00:00,35.8,35.9,35.8,35.82,2195.0
2024-10-08 10:00:00,36.09,36.15,36.09,36.14,750.0
2024-10-08 12:00:00,36.1,36.1,35.265,35.49,883175.0
2024-10-08 14:00:00,35.485,35.85,35.21,35.775,1758810.0
2024-10-08 16:00:00,35.775,35.985,35.74,35.98,860872.0
2024-10-08 18:00:00,35.985,36.155,35.8,35.99,3618101.0
2024-10-08 20:00:00,36.0,36.0,36.0,36.0,32324.0
2024-10-08 22:00:00,35.92,35.92,35.92,35.92,100.0
2024-10-09 10:00:00,35.99,36.0,35.99,36.0,396.0
2024-10-09 12:00:00,36.0,36.355,35.8558,36.33,300460.0
2024-10-09 14:00:00,36.355,36.815,36.25,36.805,1059656.0
2024-10-09 16:00:00,36.81,36.815,36.4,36.47,1029723.0
2024-10-09 18:00:00,36.48,36.62,36.4025,36.58,1450380.0
2024-10-09 20:00:00,36.58,36.58,36.49,36.5,26432.0
2024-10-10 08:00:00,36.62,36.62,36.62,36.62,120.0
2024-10-10 10:00:00,36.52,36.58,36.38,36.38,1399.0
2024-10-10 12:00:00,36.531,36.72,36.36,36.595,562490.0
2024-10-10 14:00:00,36.605,36.78,36.585,36.745,1073679.0
2024-10-10 16:00:00,36.75,36.86,36.73,36.8489,731884.0
2024-10-10 18:00:00,36.85,36.85,36.675,36.76,1518839.0
2024-10-10 20:00:00,36.75,36.75,36.75,36.75,119237.0
2024-10-11 12:00:00,36.7,37.31,36.64,37.231,505942.0
2024-10-11 14:00:00,37.23,37.48,37.04,37.04,1228781.0
2024-10-11 16:00:00,37.045,37.13,36.95,37.13,989965.0
2024-10-11 18:00:00,37.125,37.21,37.01,37.02,1978850.0
2024-10-11 20:00:00,37.01,37.01,37.01,37.01,37861.0
2024-10-11 22:00:00,36.99,37.01,36.95,36.95,3950.0
2024-10-14 08:00:00,37.03,37.03,37.03,37.03,300.0
2024-10-14 12:00:00,37.03,37.18,36.91,37.095,299446.0
2024-10-14 14:00:00,37.1,37.28,37.0,37.2,1357431.0
2024-10-14 16:00:00,37.21,37.26,37.08,37.235,813038.0
2024-10-14 18:00:00,37.2387,37.465,37.22,37.44,1797999.0
2024-10-14 20:00:00,37.44,37.44,37.44,37.44,11850.0
2024-10-15 08:00:00,37.28,37.28,37.21,37.21,621.0
2024-10-15 10:00:00,37.45,37.45,37.45,37.45,500.0
2024-10-15 12:00:00,37.44,37.91,37.4,37.73,528823.0
2024-10-15 14:00:00,37.745,37.97,37.61,37.72,1186647.0
2024-10-15 16:00:00,37.72,37.75,37.25,37.28,697890.0
2024-10-15 18:00:00,37.28,37.29,36.845,36.975,2782132.0
2024-10-15 20:00:00,36.97,36.97,36.97,36.97,65801.0
2024-10-15 22:00:00,37.2305,37.2305,37.2305,37.2305,273.0
2024-10-16 10:00:00,37.14,37.14,37.14,37.14,672.0
2024-10-16 12:00:00,37.13,37.24,37.04,37.215,241389.0
2024-10-16 14:00:00,37.22,37.29,37.1,37.11,711977.0
2024-10-16 16:00:00,37.105,37.175,37.0401,37.1299,487114.0
2024-10-16 18:00:00,37.12,37.22,37.095,37.16,1237400.0
2024-10-16 20:00:00,37.18,37.18,37.18,37.18,26923.0
2024-10-17 12:00:00,37.49,37.49,37.06,37.28,369302.0
2024-10-17 14:00:00,37.3,37.685,37.2,37.665,1275898.0
2024-10-17 16:00:00,37.665,37.87,37.655,37.665,1115554.0
2024-10-17 18:00:00,37.68,37.715,37.49,37.57,2120539.0
2024-10-17 20:00:00,37.58,37.58,37.58,37.58,559606.0
2024-10-18 12:00:00,37.62,37.805,37.48,37.525,596565.0
2024-10-18 14:00:00,37.525,37.535,37.295,37.295,955818.0
2024-10-18 16:00:00,37.2901,37.36,37.155,37.315,631910.0
2024-10-18 18:00:00,37.315,37.35,37.24,37.28,1567871.0
2024-10-18 20:00:00,37.28,37.28,37.02,37.02,11046.0
2024-10-21 12:00:00,37.01,37.545,37.01,37.45,338626.0
2024-10-21 14:00:00,37.46,37.5,36.8201,36.88,1307139.0
2024-10-21 16:00:00,36.885,36.915,36.685,36.695,647303.0
2024-10-21 18:00:00,36.695,36.75,36.45,36.46,2028492.0
2024-10-21 20:00:00,36.46,36.46,36.46,36.46,66632.0
2024-10-21 22:00:00,36.52,36.52,36.52,36.52,400.0
2024-10-22 08:00:00,36.29,36.29,36.29,36.29,671.0
2024-10-22 10:00:00,36.35,36.39,36.29,36.3,1701.0
2024-10-22 12:00:00,36.21,36.44,35.9,35.99,381698.0
2024-10-22 14:00:00,35.99,36.08,35.915,36.02,843501.0
2024-10-22 16:00:00,36.02,36.205,35.965,36.2001,572944.0
2024-10-22 18:00:00,36.2,36.35,36.16,36.235,1327116.0
2024-10-22 20:00:00,36.23,36.4,36.23,36.23,114092.0
2024-10-23 12:00:00,36.0,36.275,35.93,36.105,321194.0
2024-10-23 14:00:00,36.1,36.2,35.935,36.015,901940.0
2024-10-23 16:00:00,36.019,36.019,35.7,35.742,883337.0
2024-10-23 18:00:00,35.74,35.92,35.565,35.86,1734615.0
2024-10-23 20:00:00,35.85,36.18,35.85,36.18,123847.0
2024-10-23 22:00:00,36.43,36.43,36.43,36.43,300.0
2024-10-24 12:00:00,36.08,36.15,35.65,35.885,307289.0
2024-10-24 14:00:00,35.88,36.25,35.785,35.96,1375521.0
2024-10-24 16:00:00,35.95,36.21,35.765,36.095,784555.0
2024-10-24 18:00:00,36.09,36.53,36.07,36.47,2061248.0
2024-10-24 20:00:00,36.47,36.47,36.4,36.46,51387.0
2024-10-24 22:00:00,36.46,36.46,36.46,36.46,100.0
2024-10-25 12:00:00,36.66,37.13,36.48,36.95,430130.0
2024-10-25 14:00:00,36.95,37.255,36.94,37.1,1174697.0
2024-10-25 16:00:00,37.095,37.1,36.855,36.865,786438.0
2024-10-25 18:00:00,36.865,36.925,36.775,36.87,1677416.0
2024-10-25 20:00:00,36.88,36.88,36.88,36.88,36369.0
2024-10-28 08:00:00,36.88,36.88,36.88,36.88,208.0
2024-10-28 10:00:00,37.03,37.03,37.01,37.01,322.0
2024-10-28 12:00:00,37.03,37.38,36.7,37.37,392876.0
2024-10-28 14:00:00,37.38,37.635,37.21,37.57,1338877.0
2024-10-28 16:00:00,37.565,37.58,37.4,37.565,792665.0
2024-10-28 18:00:00,37.56,37.56,37.395,37.43,1490746.0
2024-10-28 20:00:00,37.42,37.59,37.42,37.51,68533.0
2024-10-29 08:00:00,37.43,37.43,37.43,37.43,148.0
2024-10-29 10:00:00,37.47,37.47,37.47,37.47,100.0
2024-10-29 12:00:00,37.45,37.45,36.97,37.39,551771.0
2024-10-29 14:00:00,37.38,37.42,37.1201,37.26,1046123.0
2024-10-29 16:00:00,37.26,37.33,37.065,37.105,686048.0
2024-10-29 18:00:00,37.1,37.21,37.05,37.08,1461512.0
2024-10-29 20:00:00,37.06,37.6496,36.6837,37.06,50303.0
2024-10-30 08:00:00,36.9,36.9,36.9,36.9,305.0
2024-10-30 10:00:00,37.13,37.13,37.1,37.1,399.0
2024-10-30 12:00:00,37.19,37.19,36.67,37.0898,448492.0
2024-10-30 14:00:00,37.08,37.26,36.6805,36.73,1246363.0
2024-10-30 16:00:00,36.72,36.88,36.56,36.585,802848.0
2024-10-30 18:00:00,36.585,36.68,36.53,36.54,1600952.0
2024-10-30 20:00:00,36.54,36.54,36.5,36.54,59723.0
2024-10-30 22:00:00,36.57,36.79,36.55,36.61,4060.0
2024-10-31 08:00:00,36.4,36.4,36.4,36.4,500.0
2024-10-31 10:00:00,36.41,36.41,36.41,36.41,260.0
2024-10-31 12:00:00,36.61,36.72,35.97,36.05,436061.0
2024-10-31 14:00:00,36.045,36.045,35.405,35.44,1183104.0
2024-10-31 16:00:00,35.44,35.74,35.39,35.65,728295.0
2024-10-31 18:00:00,35.65,35.715,35.515,35.52,2247380.0
2024-10-31 20:00:00,35.5202,35.5298,35.36,35.52,192828.0
2024-10-31 22:00:00,35.28,35.28,35.26,35.26,961.0
2024-11-01 12:00:00,35.64,36.31,35.485,36.31,449097.0
2024-11-01 14:00:00,36.34,36.575,36.105,36.365,1290462.0
2024-11-01 16:00:00,36.365,36.475,36.035,36.04,1078162.0
2024-11-01 18:00:00,36.04,36.33,35.98,36.29,2259681.0
2024-11-01 20:00:00,36.28,36.28,36.28,36.28,77314.0
2024-11-01 22:00:00,36.5,36.5,36.5,36.5,300.0
2024-11-04 12:00:00,36.17,36.17,36.17,36.17,216.0
2024-11-04 14:00:00,35.97,36.457613,35.97,36.385,879450.0
2024-11-04 16:00:00,36.385,36.39,35.895,36.0,831191.0
2024-11-04 18:00:00,36.0,36.18,35.91,36.045,942762.0
2024-11-04 20:00:00,36.045,36.12,35.8,35.99,4284596.0
2024-11-05 14:00:00,36.0,36.43,35.94,36.28,699607.0
2024-11-05 16:00:00,36.28,36.49,36.265,36.455,481993.0
2024-11-05 18:00:00,36.455,36.485,36.24,36.245,520041.0
2024-11-05 20:00:00,36.24,36.655,36.235,36.64,1329841.0
2024-11-06 00:00:00,36.98,36.98,36.98,36.98,250.0
2024-11-06 08:00:00,36.99,36.99,36.73,36.79,1552.0
2024-11-06 10:00:00,36.63,36.69,36.63,36.69,393.0
2024-11-06 12:00:00,36.7,37.05,36.7,36.9,14840.0
2024-11-06 14:00:00,37.0,37.53,35.8917,36.51,2503586.0
2024-11-06 16:00:00,36.51,36.5401,36.205,36.455,1610114.0
2024-11-06 18:00:00,36.455,37.015,36.455,36.855,1188225.0
2024-11-06 20:00:00,36.85,37.155,36.54,36.9,1970498.0
2024-11-06 22:00:00,36.54,36.54,36.54,36.54,100.0
2024-11-07 00:00:00,36.55,36.55,36.45,36.5,2347.0
2024-11-07 12:00:00,37.99,37.99,37.99,37.99,162.0
2024-11-07 14:00:00,36.97,37.39,36.72,37.105,1189463.0
2024-11-07 16:00:00,37.11,37.375,36.98,37.225,767168.0
2024-11-07 18:00:00,37.225,37.545,37.08,37.5441,1130731.0
2024-11-07 20:00:00,37.55,37.6,37.34,37.34,1318246.0
2024-11-07 22:00:00,37.34,37.3427,37.34,37.34,5899.0
2024-11-08 10:00:00,37.4,37.4,37.4,37.4,496.0
2024-11-08 12:00:00,37.3,37.32,37.01,37.31,2125.0
2024-11-08 14:00:00,37.3,37.32,36.795,37.015,1064233.0
2024-11-08 16:00:00,37.015,37.25,36.86,37.055,1093144.0
2024-11-08 18:00:00,37.05,37.075,36.85,36.8608,763529.0
2024-11-08 20:00:00,36.86,37.0996,36.68,36.82,1366350.0
2024-11-08 22:00:00,36.85,36.85,36.84,36.84,450.0
2024-11-11 08:00:00,36.85,36.85,36.85,36.85,100.0
2024-11-11 12:00:00,36.82,37.0,36.82,36.88,572.0
2024-11-11 14:00:00,36.88,37.09,36.8,37.085,1067152.0
2024-11-11 16:00:00,37.081,38.6699,37.005,37.85,5252389.0
2024-11-11 18:00:00,37.845,37.855,37.335,37.65,1119786.0
2024-11-11 20:00:00,37.655,37.75,37.54,37.7,1380523.0
2024-11-11 22:00:00,37.95,37.95,37.7,37.92,2112.0
2024-11-12 00:00:00,37.71,37.71,37.7,37.7,500.0
2024-11-12 10:00:00,37.67,37.67,37.26,37.29,1626.0
2024-11-12 12:00:00,37.46,37.53,37.16,37.22,4716.0
2024-11-12 14:00:00,37.4,37.93,37.35,37.5995,1255633.0
2024-11-12 16:00:00,37.6,37.61,37.25,37.285,1389542.0
2024-11-12 18:00:00,37.275,37.34,37.125,37.2895,1047100.0
2024-11-12 20:00:00,37.285,37.375,37.1,37.11,1681319.0
2024-11-12 22:00:00,37.11,37.11,37.11,37.11,2431.0
2024-11-13 10:00:00,36.88,36.88,36.82,36.88,2097.0
2024-11-13 12:00:00,37.1,37.1,37.1,37.1,501.0
2024-11-13 14:00:00,37.13,37.24,36.73,37.055,1308906.0
2024-11-13 16:00:00,37.05,37.235,36.94,37.03,896283.0
2024-11-13 18:00:00,37.035,37.05,36.8348,36.835,531808.0
2024-11-13 20:00:00,36.835,36.95,36.36,36.81,1559142.0
2024-11-13 22:00:00,36.79,36.8,36.79,36.8,1700.0
2024-11-14 10:00:00,36.73,36.73,36.73,36.73,200.0
2024-11-14 12:00:00,36.61,36.7,36.61,36.7,828.0
2024-11-14 14:00:00,36.64,37.1,36.64,36.95,710886.0
2024-11-14 16:00:00,36.945,37.1,36.81,36.97,621860.0
2024-11-14 18:00:00,36.965,37.08,36.76,36.805,714272.0
2024-11-14 20:00:00,36.805,36.805,36.11,36.32,2587544.0
2024-11-14 22:00:00,36.49,36.49,36.15,36.15,12935.0
2024-11-15 08:00:00,36.25,36.25,36.25,36.25,390.0
2024-11-15 12:00:00,36.1,36.17,36.1,36.17,250.0
2024-11-15 14:00:00,36.11,36.87,36.11,36.51,1340630.0
2024-11-15 16:00:00,36.51,36.935,36.485,36.735,1610985.0
2024-11-15 18:00:00,36.735,36.905,36.6,36.755,1367794.0
2024-11-15 20:00:00,36.755,36.815,36.675,36.72,1721485.0
2024-11-18 08:00:00,36.31,36.31,36.31,36.31,131.0
2024-11-18 10:00:00,36.57,36.57,36.36,36.36,585.0
2024-11-18 12:00:00,36.65,36.65,36.65,36.65,2507.0
2024-11-18 14:00:00,36.71,37.33,36.71,37.2963,1637053.0
2024-11-18 16:00:00,37.29,37.665,37.28,37.6494,1460635.0
2024-11-18 18:00:00,37.645,37.725,37.505,37.555,1128838.0
2024-11-18 20:00:00,37.55,37.61,37.365,37.43,1806461.0
2024-11-18 22:00:00,37.46,37.46,37.43,37.43,1182.0
2024-11-19 08:00:00,37.46,37.46,37.21,37.21,795.0
2024-11-19 12:00:00,37.3,37.34,37.24,37.34,1831.0
2024-11-19 14:00:00,37.07,37.24,36.703,36.9175,835249.0
2024-11-19 16:00:00,36.91,37.18,36.8,37.04,735126.0
2024-11-19 18:00:00,37.025,37.195,36.81,36.845,751901.0
2024-11-19 20:00:00,36.845,36.96,36.775,36.87,1447807.0
2024-11-19 22:00:00,36.86,36.86,36.86,36.86,379.0
2024-11-20 00:00:00,36.85,36.85,36.85,36.85,100.0
2024-11-20 12:00:00,36.8664,36.8664,36.8664,36.8664,101.0
2024-11-20 14:00:00,37.0,37.0,36.58,36.9,813178.0
2024-11-20 16:00:00,36.905,36.93,36.55,36.665,806428.0
2024-11-20 18:00:00,36.66,36.72,36.425,36.57,883281.0
2024-11-20 20:00:00,36.57,36.795,36.545,36.68,1041111.0
2024-11-20 22:00:00,36.68,36.68,36.68,36.68,62073.0
2024-11-21 00:00:00,36.67,36.78,36.67,36.67,839.0
2024-11-21 10:00:00,36.48,36.66,36.45,36.65,8751.0
2024-11-21 12:00:00,36.65,36.74,36.11,36.74,3341.0
2024-11-21 14:00:00,36.75,37.36,36.56,37.34,688002.0
2024-11-21 16:00:00,37.33,37.88,37.33,37.795,1603217.0
2024-11-21 18:00:00,37.805,37.85,37.61,37.785,751912.0
2024-11-21 20:00:00,37.78,37.96,37.56,37.9,1606836.0
2024-11-22 08:00:00,37.86,37.86,37.85,37.85,799.0
2024-11-22 10:00:00,37.81,37.84,37.81,37.84,666.0
2024-11-22 12:00:00,37.84,38.2804,37.79,38.11,8110.0
2024-11-22 14:00:00,38.2398,38.5,37.88,38.455,1536485.0
2024-11-22 16:00:00,38.46,38.65,38.32,38.505,1471569.0
2024-11-22 18:00:00,38.505,38.63,38.21,38.235,951642.0
2024-11-22 20:00:00,38.23,38.255,38.12,38.14,1442822.0
2024-11-22 22:00:00,38.3,38.4,38.28,38.4,700.0
2024-11-25 10:00:00,38.68,38.68,38.65,38.65,350.0
2024-11-25 12:00:00,38.38,38.65,38.38,38.55,2792.0
2024-11-25 14:00:00,38.49,39.6,38.22,39.585,2357686.0
2024-11-25 16:00:00,39.59,39.645,39.06,39.245,1560673.0
2024-11-25 18:00:00,39.25,39.795,39.25,39.635,1989644.0
2024-11-25 20:00:00,39.635,39.695,39.29,39.67,3240414.0
2024-11-25 22:00:00,39.44,39.5,39.23,39.23,7854.0
2024-11-26 00:00:00,39.24,39.24,39.2,39.2,2584.0
2024-11-26 08:00:00,39.01,39.01,39.01,39.01,195.0
2024-11-26 10:00:00,39.12,39.26,39.12,39.25,1161.0
2024-11-26 12:00:00,39.28,39.62,39.25,39.4,15306.0
2024-11-26 14:00:00,39.3,39.62,39.005,39.255,2271863.0
2024-11-26 16:00:00,39.255,39.2999,39.06,39.145,1744546.0
2024-11-26 18:00:00,39.145,39.28,39.0,39.215,2211307.0
2024-11-26 20:00:00,39.21,39.34,33.41,36.0,4037266.0
2024-11-26 22:00:00,36.1,39.1,35.93,36.12,208490.0
2024-11-27 00:00:00,36.25,36.25,36.06,36.15,5389.0
2024-11-27 08:00:00,36.01,36.01,35.0,35.1,36273.0
2024-11-27 10:00:00,35.48,35.77,35.19,35.77,6654.0
2024-11-27 12:00:00,35.86,36.4,35.53,36.2,46479.0
2024-11-27 14:00:00,36.21,37.5,33.535,34.07,9044451.0
2024-11-27 16:00:00,34.065,34.34,33.75,34.24,6547973.0
2024-11-27 18:00:00,34.235,34.44,34.1101,34.435,4161015.0
2024-11-27 20:00:00,34.435,34.79,34.43,34.64,5141374.0
2024-11-27 22:00:00,34.64,34.6943,34.62,34.67,2566.0
2024-11-28 00:00:00,34.66,34.7,34.66,34.6701,6895.0
2024-11-29 12:00:00,34.83,34.83,34.44,34.44,38702.0
2024-11-29 14:00:00,34.36,35.08,34.2,35.075,4760414.0
2024-11-29 16:00:00,35.075,35.88,35.03,35.43,8853856.0
2024-11-29 18:00:00,35.43,35.43,35.43,35.43,2550666.0
2024-12-02 08:00:00,35.4,35.45,35.4,35.45,693.0
2024-12-02 10:00:00,35.59,35.59,35.59,35.59,121.0
2024-12-02 12:00:00,35.46,35.51,35.42,35.4203,5106.0
2024-12-02 14:00:00,35.51,36.035,35.22,35.895,1919623.0
2024-12-02 16:00:00,35.895,36.595,35.84,36.5311,2204245.0
2024-12-02 18:00:00,36.535,36.6,36.245,36.34,1463734.0
2024-12-02 20:00:00,36.34,36.55,36.27,36.45,3048649.0
2024-12-02 22:00:00,36.45,36.45,36.44,36.45,62302.0
2024-12-03 00:00:00,36.4501,36.4501,36.45,36.45,351.0
2024-12-03 08:00:00,36.41,36.44,36.39,36.44,1174.0
2024-12-03 10:00:00,36.51,36.51,36.51,36.51,217.0
2024-12-03 12:00:00,36.51,36.5799,36.0345,36.0345,1998.0
2024-12-03 14:00:00,36.43,36.8,35.89,36.795,1638934.0
2024-12-03 16:00:00,36.795,36.92,36.595,36.86,1069908.0
2024-12-03 18:00:00,36.87,36.89,36.705,36.78,970897.0
2024-12-03 20:00:00,36.77,36.92,36.7,36.79,1482364.0
2024-12-03 22:00:00,36.8,36.8,36.78,36.78,2100.0
2024-12-04 00:00:00,36.69,36.69,36.69,36.69,125.0
2024-12-04 08:00:00,36.94,36.94,36.94,36.94,100.0
2024-12-04 10:00:00,36.81,36.81,36.81,36.81,317.0
2024-12-04 12:00:00,36.81,36.87,36.79,36.79,4050.0
2024-12-04 14:00:00,36.89,36.93,35.955,36.365,1610465.0
2024-12-04 16:00:00,36.37,36.68,36.29,36.39,1021468.0
2024-12-04 18:00:00,36.4,36.4,36.14,36.31,1166826.0
2024-12-04 20:00:00,36.315,36.52,36.3,36.36,2145673.0
2024-12-04 22:00:00,36.45,36.45,36.36,36.36,390739.0
2024-12-05 12:00:00,36.2,36.42,36.01,36.28,1987.0
2024-12-05 14:00:00,36.44,36.62,36.16,36.325,1155439.0
2024-12-05 16:00:00,36.32,36.47,36.14,36.185,1219441.0
2024-12-05 18:00:00,36.19,36.27,36.035,36.13,1289723.0
2024-12-05 20:00:00,36.125,36.21,35.9878,36.17,2706171.0
2024-12-05 22:00:00,36.17,36.17,36.1017,36.1017,787.0
2024-12-06 00:00:00,36.11,36.11,36.11,36.11,210.0
2024-12-06 12:00:00,36.22,36.22,36.2,36.22,1396.0
2024-12-06 14:00:00,36.35,36.6,35.92,36.11,995267.0
2024-12-06 16:00:00,36.115,36.17,35.895,36.01,1031050.0
2024-12-06 18:00:00,36.005,36.125,35.95,36.095,954884.0
2024-12-06 20:00:00,36.095,36.215,35.97,36.2,1576644.0
2024-12-09 08:00:00,36.22,36.22,36.22,36.22,132.0
2024-12-09 10:00:00,36.11,36.12,36.11,36.12,212.0
2024-12-09 12:00:00,36.18,36.3492,36.12,36.3492,3066.0
2024-12-09 14:00:00,36.34,36.81,36.12,36.73,1297444.0
2024-12-09 16:00:00,36.735,36.755,36.385,36.455,917313.0
2024-12-09 18:00:00,36.455,36.61,36.3,36.545,888342.0
2024-12-09 20:00:00,36.545,36.55,36.36,36.45,1427214.0
2024-12-09 22:00:00,36.45,36.46,36.45,36.46,679.0
2024-12-10 00:00:00,36.45,36.45,36.45,36.45,207.0
2024-12-10 12:00:00,36.48,36.48,36.47,36.47,663.0
2024-12-10 14:00:00,36.16,36.265,35.31,35.35,1901481.0
2024-12-10 16:00:00,35.355,35.39,35.155,35.205,1120897.0
2024-12-10 18:00:00,35.185,35.37,35.09,35.125,1337185.0
2024-12-10 20:00:00,35.13,35.35,34.9,34.94,1650062.0
2024-12-10 22:00:00,35.03,35.03,35.0299,35.03,2020.0
2024-12-11 00:00:00,35.04,35.04,35.04,35.04,675.0
2024-12-11 08:00:00,34.78,34.8,34.78,34.8,985.0
2024-12-11 12:00:00,34.81,34.9454,34.5,34.72,12541.0
2024-12-11 14:00:00,34.69,34.9,32.0,34.535,1350627.0
2024-12-11 16:00:00,34.53,34.72,34.385,34.42,908700.0
2024-12-11 18:00:00,34.425,34.54,34.37,34.425,887902.0
2024-12-11 20:00:00,34.425,34.68,34.3601,34.3601,1766130.0
2024-12-12 08:00:00,34.62,34.66,34.55,34.61,1066.0
2024-12-12 12:00:00,34.65,34.65,34.35,34.36,3664.0
2024-12-12 14:00:00,34.36,35.03,34.26,34.93,972271.0
2024-12-12 16:00:00,34.935,34.975,34.735,34.965,707116.0
2024-12-12 18:00:00,34.96,35.14,34.85,35.01,817623.0
2024-12-12 20:00:00,35.015,35.2,34.6209,35.1799,1449709.0
2024-12-12 22:00:00,35.01,35.01,35.0,35.0,1000.0
2024-12-13 00:00:00,35.1999,35.1999,35.1999,35.1999,100.0
2024-12-13 10:00:00,35.25,35.25,35.19,35.19,545.0
2024-12-13 12:00:00,35.1,35.13,35.1,35.13,352.0
2024-12-13 14:00:00,35.11,35.11,34.39,34.49,743321.0
2024-12-13 16:00:00,34.49,34.67,34.4,34.47,716741.0
2024-12-13 18:00:00,34.475,34.57,34.345,34.445,807146.0
2024-12-13 20:00:00,34.445,34.645,34.43,34.55,1016814.0
2024-12-16 10:00:00,34.61,34.61,34.61,34.61,101.0
2024-12-16 12:00:00,34.66,34.66,34.66,34.66,1000.0
2024-12-16 14:00:00,34.56,34.78,34.05,34.61,1338138.0
2024-12-16 16:00:00,34.6,34.6,34.365,34.475,1112251.0
2024-12-16 18:00:00,34.475,34.51,34.14,34.28,1555800.0
2024-12-16 20:00:00,34.28,34.305,34.05,34.19,2392814.0
2024-12-16 22:00:00,34.1,34.19,34.1,34.19,385.0
2024-12-17 00:00:00,34.18,34.18,34.18,34.18,100.0
2024-12-17 12:00:00,34.19,34.19,34.19,34.19,692.0
2024-12-17 14:00:00,34.03,34.13,33.3278,34.105,1620728.0
2024-12-17 16:00:00,34.11,34.36,33.93,33.9645,1331700.0
2024-12-17 18:00:00,33.965,33.99,33.79,33.7954,983264.0
2024-12-17 20:00:00,33.79,34.29,33.4262,33.84,1686987.0
2024-12-17 22:00:00,33.8,33.8,33.43,33.46,4466.0
2024-12-18 12:00:00,33.84,33.88,33.84,33.88,220.0
2024-12-18 14:00:00,33.96,34.067,33.31,33.35,2282901.0
2024-12-18 16:00:00,33.35,33.46,33.19,33.29,1574516.0
2024-12-18 18:00:00,33.29,33.46,33.005,33.075,1250648.0
2024-12-18 20:00:00,33.08,33.14,32.3,32.69,2232990.0
2024-12-18 22:00:00,32.49,33.34,32.49,32.5,3570.0
2024-12-19 08:00:00,32.51,32.51,32.51,32.51,274.0
2024-12-19 12:00:00,32.48,32.75,32.2,32.75,3253.0
2024-12-19 14:00:00,32.71,33.14,32.53,32.7,1646822.0
2024-12-19 16:00:00,32.705,32.84,32.37,32.4255,1345340.0
2024-12-19 18:00:00,32.42,32.64,32.32,32.375,938028.0
2024-12-19 20:00:00,32.375,32.555,32.27,32.46,1648959.0
2024-12-19 22:00:00,32.46,32.47,32.43,32.47,1236.0
2024-12-20 00:00:00,32.29,32.29,32.29,32.29,200.0
2024-12-20 08:00:00,32.28,32.28,32.28,32.28,275.0
2024-12-20 10:00:00,32.08,32.15,32.07,32.15,850.0
2024-12-20 12:00:00,32.23,32.25,32.17,32.25,2218.0
2024-12-20 14:00:00,32.29,32.96,32.14,32.82,1840040.0
2024-12-20 16:00:00,32.825,33.1901,32.815,33.03,1115987.0
2024-12-20 18:00:00,33.035,33.035,32.65,32.715,1366819.0
2024-12-20 20:00:00,32.715,33.0,32.605,32.94,3369330.0
2024-12-20 22:00:00,32.94,32.94,32.94,32.94,309.0
2024-12-23 10:00:00,33.02,33.02,32.88,32.88,433.0
2024-12-23 12:00:00,32.88,32.88,32.88,32.88,521.0
2024-12-23 14:00:00,32.94,32.98,32.61,32.79,998337.0
2024-12-23 16:00:00,32.795,33.01,32.77,32.975,839883.0
2024-12-23 18:00:00,32.975,33.12,32.9,33.1,745114.0
2024-12-23 20:00:00,33.095,33.26,33.0,33.23,1451632.0
2024-12-23 22:00:00,33.12,33.12,33.12,33.12,159.0
2024-12-24 10:00:00,33.15,33.15,33.15,33.15,182.0
2024-12-24 12:00:00,33.22,33.22,33.22,33.22,524.0
2024-12-24 14:00:00,33.22,33.355,33.17,33.26,688093.0
2024-12-24 16:00:00,33.265,33.47,33.22,33.46,844901.0
2024-12-24 18:00:00,33.44,33.44,33.44,33.44,529208.0
2024-12-26 12:00:00,33.2,33.2,33.2,33.2,109.0
2024-12-26 14:00:00,33.34,33.65,33.27,33.585,815554.0
2024-12-26 16:00:00,33.585,33.6,33.405,33.445,416617.0
2024-12-26 18:00:00,33.45,33.49,33.42,33.485,431645.0
2024-12-26 20:00:00,33.48,33.58,33.41,33.43,802669.0
2024-12-26 22:00:00,33.41,33.41,33.25,33.25,3605.0
2024-12-27 12:00:00,33.37,33.37,33.26,33.26,809.0
2024-12-27 14:00:00,33.25,33.39,32.97,33.1501,638261.0
2024-12-27 16:00:00,33.15,33.16,32.99,33.14,1191254.0
2024-12-27 18:00:00,33.145,33.34,33.075,33.305,530765.0
2024-12-27 20:00:00,33.3,33.31,33.0001,33.0001,1000157.0
2024-12-27 22:00:00,33.06,33.06,33.06,33.06,100.0
2024-12-30 12:00:00,33.27,33.27,32.95,32.95,2370.0
2024-12-30 14:00:00,32.84,32.8677,32.205,32.4975,1065664.0
2024-12-30 16:00:00,32.49,32.795,32.46,32.79,577224.0
2024-12-30 18:00:00,32.78,32.7992,32.65,32.685,693070.0
2024-12-30 20:00:00,32.68,32.825,32.605,32.63,1037761.0
2024-12-30 22:00:00,32.63,32.63,32.61,32.61,422.0
2024-12-31 12:00:00,32.68,32.78,32.66,32.78,600.0
2024-12-31 14:00:00,32.825,32.915,32.595,32.705,595737.0
2024-12-31 16:00:00,32.705,32.705,32.455,32.5693,568431.0
2024-12-31 18:00:00,32.565,32.6,32.435,32.525,659861.0
2024-12-31 20:00:00,32.525,32.635,32.44,32.63,1065107.0
2024-12-31 22:00:00,32.63,32.63,32.63,32.63,1000.0
2025-01-02 12:00:00,32.87,32.89,32.87,32.88,1900.0
2025-01-02 14:00:00,32.69,32.83,32.53,32.72,814374.0
2025-01-02 16:00:00,32.715,32.77,32.38,32.51,978374.0
2025-01-02 18:00:00,32.515,32.515,32.285,32.335,714320.0
2025-01-02 20:00:00,32.335,32.57,32.335,32.47,1138375.0
2025-01-03 00:00:00,32.78,32.78,32.78,32.78,100.0
2025-01-03 12:00:00,32.4031,32.73,32.4031,32.73,245.0
2025-01-03 14:00:00,32.76,32.91,32.58,32.74,600826.0
2025-01-03 16:00:00,32.745,32.83,32.655,32.7693,550387.0
2025-01-03 18:00:00,32.765,33.03,32.735,33.01,846381.0
2025-01-03 20:00:00,33.01,33.15,32.91,33.14,1939418.0
2025-01-06 10:00:00,33.3,33.43,33.3,33.42,6831.0
2025-01-06 12:00:00,33.45,33.49,33.42,33.49,2040.0
2025-01-06 14:00:00,33.51,34.14,33.41,33.765,999225.0
2025-01-06 16:00:00,33.77,34.17,33.77,34.045,1666327.0
2025-01-06 18:00:00,34.045,34.11,33.72,33.74,1186637.0
2025-01-06 20:00:00,33.735,34.03,33.7,33.87,1781450.0
2025-01-07 08:00:00,34.02,34.02,34.02,34.02,448.0
2025-01-07 12:00:00,33.93,33.95,33.92,33.95,1955.0
2025-01-07 14:00:00,34.01,34.45,33.925,34.135,854803.0
2025-01-07 16:00:00,34.135,34.245,33.83,33.89,1026918.0
2025-01-07 18:00:00,33.89,33.97,33.69,33.725,790682.0
2025-01-07 20:00:00,33.725,33.735,33.445,33.67,1366786.0
2025-01-07 22:00:00,33.67,33.67,33.67,33.67,500.0
2025-01-08 12:00:00,33.48,33.74,33.48,33.66,1220.0
2025-01-08 14:00:00,33.6,33.6,33.002,33.32,621738.0
2025-01-08 16:00:00,33.32,33.46,33.13,33.24,602854.0
2025-01-08 18:00:00,33.235,33.49,33.21,33.355,674145.0
2025-01-08 20:00:00,33.36,33.455,33.3302,33.45,928457.0
2025-01-08 22:00:00,33.4001,33.4001,33.4,33.4,2152.0
2025-01-09 00:00:00,33.4,33.4482,33.4,33.4,1295.0
2025-01-10 10:00:00,33.29,33.29,33.26,33.29,1655.0
2025-01-10 12:00:00,33.21,33.21,33.1,33.14,2738.0
2025-01-10 14:00:00,33.03,33.445,32.89,33.28,815674.0
2025-01-10 16:00:00,33.285,33.315,33.03,33.18,1078636.0
2025-01-10 18:00:00,33.1833,33.29,33.14,33.29,1190863.0
2025-01-10 20:00:00,33.29,33.32,33.08,33.2,1669242.0
2025-01-10 22:00:00,33.11,33.11,33.1,33.1,244.0
2025-01-11 00:00:00,33.2,33.4,33.2,33.4,825.0
2025-01-13 08:00:00,33.49,33.5,32.89,32.89,3067.0
2025-01-13 10:00:00,32.95,33.04,32.94,32.94,2015.0
2025-01-13 12:00:00,32.93,33.03,32.93,33.03,2676.0
2025-01-13 14:00:00,32.9,33.13,32.47,32.64,1234900.0
2025-01-13 16:00:00,32.64,32.89,32.59,32.76,1431432.0
2025-01-13 18:00:00,32.755,32.77,32.615,32.65,1257433.0
2025-01-13 20:00:00,32.65,32.66,32.485,32.6001,1535392.0
2025-01-13 22:00:00,32.92,32.92,32.92,32.92,100.0
2025-01-14 14:00:00,32.9166,33.15,32.72,32.8,1019084.0
2025-01-14 16:00:00,32.795,32.795,32.37,32.58,791753.0
2025-01-14 18:00:00,32.58,32.845,32.575,32.61,970481.0
2025-01-14 20:00:00,32.62,32.68,32.38,32.38,1333701.0
2025-01-14 22:00:00,32.67,32.67,32.67,32.67,180.0
2025-01-15 12:00:00,32.8499,33.25,32.7247,33.25,1455.0
2025-01-15 14:00:00,33.11,33.545,33.05,33.08,1215177.0
2025-01-15 16:00:00,33.08,33.105,32.83,32.935,789565.0
2025-01-15 18:00:00,32.94,32.995,32.84,32.885,1172274.0
2025-01-15 20:00:00,32.88,32.915,32.695,32.79,2233429.0
2025-01-16 08:00:00,32.88,32.88,32.88,32.88,382.0
2025-01-16 10:00:00,32.84,32.91,32.84,32.89,2295.0
2025-01-16 12:00:00,32.9099,32.9099,32.78,32.79,586.0
2025-01-16 14:00:00,32.76,32.79,32.405,32.655,1006300.0
2025-01-16 16:00:00,32.655,32.71,32.53,32.545,2000276.0
2025-01-16 18:00:00,32.545,32.65,32.47,32.475,1711963.0
2025-01-16 20:00:00,32.47,32.515,32.33,32.33,2038526.0
2025-01-16 22:00:00,32.35,32.4,32.35,32.4,2496.0
2025-01-17 00:00:00,32.3512,32.3512,32.3512,32.3512,300.0
2025-01-17 08:00:00,32.45,32.45,32.45,32.45,1032.0
2025-01-17 14:00:00,32.72,33.0,32.54,32.6799,2375962.0
2025-01-17 16:00:00,32.675,32.75,32.51,32.6,2286701.0
2025-01-17 18:00:00,32.595,32.69,32.575,32.6365,753610.0
2025-01-17 20:00:00,32.63,32.66,32.5,32.51,1619702.0
2025-01-17 22:00:00,32.5037,32.51,32.5037,32.51,398.0
2025-01-21 08:00:00,32.69,32.78,32.69,32.78,1697.0
2025-01-21 12:00:00,32.62,32.65,32.6,32.65,4755.0
2025-01-21 14:00:00,32.56,32.61,32.22,32.42,1898110.0
2025-01-21 16:00:00,32.41,32.825,32.39,32.785,1624530.0
2025-01-21 18:00:00,32.78,32.96,32.765,32.85,1049711.0
2025-01-21 20:00:00,32.85,33.0949,32.78,33.0949,1374133.0
2025-01-21 22:00:00,33.049,33.049,32.96,32.96,1667.0
2025-01-22 00:00:00,33.09,33.1,33.09,33.1,2441.0
2025-01-22 12:00:00,33.07,33.194,32.95,33.01,12887.0
2025-01-22 14:00:00,33.01,33.57,32.835,33.15,1418734.0
2025-01-22 16:00:00,33.15,33.285,33.03,33.055,746148.0
2025-01-22 18:00:00,33.0592,33.13,33.005,33.115,582463.0
2025-01-22 20:00:00,33.12,33.22,33.1,33.13,1282931.0
2025-01-22 22:00:00,32.8299,32.8299,32.8299,32.8299,181.0
2025-01-23 12:00:00,32.949,32.95,32.949,32.95,376.0
2025-01-23 14:00:00,33.08,33.29,32.76,33.265,912635.0
2025-01-23 16:00:00,33.27,33.5,33.225,33.375,776538.0
2025-01-23 18:00:00,33.375,33.53,33.27,33.27,746677.0
2025-01-23 20:00:00,33.265,33.38,33.225,33.38,1267845.0
2025-01-23 22:00:00,33.42,33.42,33.38,33.38,404.0
2025-01-24 00:00:00,33.38,33.38,33.3799,33.3799,1125.0
2025-01-24 08:00:00,33.37,33.37,33.37,33.37,258.0
2025-01-24 14:00:00,33.38,33.52,32.71,32.72,1165262.0
2025-01-24 16:00:00,32.72,32.95,32.7,32.795,655425.0
2025-01-24 18:00:00,32.79,32.825,32.63,32.635,391368.0
2025-01-24 20:00:00,32.635,32.76,32.635,32.7583,761435.0
2025-01-24 22:00:00,32.6064,32.6064,32.6064,32.6064,100.0
2025-01-27 08:00:00,32.07,32.2,32.0,32.2,1589.0
2025-01-27 10:00:00,32.24,32.31,32.01,32.29,4338.0
2025-01-27 12:00:00,32.43,32.71,32.0,32.71,25870.0
2025-01-27 14:00:00,32.69,33.13,32.31,32.76,2324352.0
2025-01-27 16:00:00,32.755,32.99,32.51,32.735,1630040.0
2025-01-27 18:00:00,32.735,32.93,32.62,32.745,1534224.0
2025-01-27 20:00:00,32.745,33.36,32.735,33.33,3001025.0
2025-01-27 22:00:00,33.38,33.4199,33.38,33.4199,500.0
2025-01-28 00:00:00,33.3322,33.3322,33.3322,33.3322,343.0
2025-01-28 08:00:00,33.31,33.34,33.31,33.34,1223.0
2025-01-28 12:00:00,33.19,33.3,33.09,33.3,2073.0
2025-01-28 14:00:00,33.31,33.31,32.29,33.035,1480079.0
2025-01-28 16:00:00,33.04,33.05,32.705,32.785,913009.0
2025-01-28 18:00:00,32.785,32.95,32.7,32.92,753333.0
2025-01-28 20:00:00,32.925,32.945,32.725,32.74,1563124.0
2025-01-29 14:00:00,32.82,33.055,32.77,32.995,752795.0
2025-01-29 16:00:00,32.995,33.04,32.7,32.7,820118.0
2025-01-29 18:00:00,32.705,32.85,32.56,32.675,653716.0
2025-01-29 20:00:00,32.675,32.73,32.555,32.61,785372.0
2025-01-30 08:00:00,32.63,32.68,32.63,32.63,2042.0
2025-01-30 10:00:00,32.77,32.77,32.77,32.77,614.0
2025-01-30 14:00:00,32.95,33.08,32.71,32.95,550353.0
2025-01-30 16:00:00,32.945,32.99,32.73,32.76,542142.0
2025-01-30 18:00:00,32.76,32.925,32.76,32.86,492849.0
2025-01-30 20:00:00,32.8501,32.995,32.685,32.8,1024598.0
2025-01-30 22:00:00,32.512,32.512,32.512,32.512,300.0
2025-01-31 12:00:00,32.76,32.76,32.76,32.76,108.0
2025-01-31 14:00:00,33.01,33.31,32.83,33.23,1056427.0
2025-01-31 16:00:00,33.2301,33.325,33.135,33.135,813262.0
2025-01-31 18:00:00,33.135,33.17,32.515,32.62,887598.0
2025-01-31 20:00:00,32.61,32.61,32.425,32.5,1272568.0
2025-01-31 22:00:00,32.4028,32.53,32.4028,32.53,936.0
2025-02-03 08:00:00,32.0,32.01,32.0,32.01,568.0
2025-02-03 10:00:00,32.23,32.23,32.09,32.09,2750.0
2025-02-03 12:00:00,32.07,32.2,32.0001,32.19,10200.0
2025-02-03 14:00:00,32.1,32.1,31.05,31.83,1722214.0
2025-02-03 16:00:00,31.825,32.305,31.76,32.11,2330217.0
2025-02-03 18:00:00,32.1,32.38,32.02,32.245,1525329.0
2025-02-03 20:00:00,32.2482,32.2482,31.77,32.0,1132693.0
2025-02-04 00:00:00,32.1,32.1,32.1,32.1,125.0
2025-02-04 08:00:00,31.84,31.84,31.84,31.84,724.0
2025-02-04 10:00:00,31.78,31.78,31.78,31.78,260.0
2025-02-04 12:00:00,32.0,32.0,32.0,32.0,295.0
2025-02-04 14:00:00,31.99,32.36,31.78,32.15,1115356.0
2025-02-04 16:00:00,32.155,32.25,32.035,32.125,939835.0
2025-02-04 18:00:00,32.125,32.2,32.02,32.05,850514.0
2025-02-04 20:00:00,32.05,32.512,31.8,31.8,1211839.0
2025-02-05 08:00:00,32.02,32.15,31.99,32.14,1533.0
2025-02-05 10:00:00,32.01,32.01,32.01,32.01,597.0
2025-02-05 14:00:00,32.01,32.32,32.01,32.25,985316.0
2025-02-05 16:00:00,32.26,32.35,32.18,32.255,870857.0
2025-02-05 18:00:00,32.26,32.495,32.165,32.425,1032389.0
2025-02-05 20:00:00,32.425,32.58,32.415,32.57,1469304.0
2025-02-06 00:00:00,32.6844,32.6844,32.6844,32.6844,100.0
2025-02-06 08:00:00,32.57,32.57,32.57,32.57,260.0
2025-02-06 12:00:00,32.72,32.72,32.72,32.72,300.0
2025-02-06 14:00:00,32.59,32.74,32.385,32.485,802115.0
2025-02-06 16:00:00,32.48,32.63,32.4525,32.615,750816.0
2025-02-06 18:00:00,32.61,32.689,32.455,32.5,1084736.0
2025-02-06 20:00:00,32.505,32.62,32.46,32.6,1229963.0
2025-02-06 22:00:00,32.58,32.7,32.5201,32.5201,3480.0
2025-02-07 14:00:00,32.73,32.97,32.39,32.45,968163.0
2025-02-07 16:00:00,32.45,32.5,32.14,32.295,898450.0
2025-02-07 18:00:00,32.2956,32.43,32.225,32.31,631046.0
2025-02-07 20:00:00,32.315,32.315,32.19,32.27,953983.0
2025-02-10 12:00:00,32.45,32.45,32.45,32.45,128.0
2025-02-10 14:00:00,32.5,32.84,32.38,32.76,921253.0
2025-02-10 16:00:00,32.77,33.01,32.68,32.975,917651.0
2025-02-10 18:00:00,32.975,33.095,32.9025,32.905,1024454.0
2025-02-10 20:00:00,32.905,33.247,32.82,33.247,1072120.0
2025-02-10 22:00:00,32.84,32.84,32.82,32.83,2384.0
2025-02-11 12:00:00,32.77,32.77,32.77,32.77,200.0
2025-02-11 14:00:00,32.65,33.1956,32.52,33.115,913582.0
2025-02-11 16:00:00,33.12,33.29,33.06,33.175,713461.0
2025-02-11 18:00:00,33.175,33.27,33.09,33.255,717402.0
2025-02-11 20:00:00,33.255,33.27,33.1,33.15,1190004.0
2025-02-12 12:00:00,33.09,33.1,32.55,32.55,4161.0
2025-02-12 14:00:00,32.83,32.885,32.505,32.78,939856.0
2025-02-12 16:00:00,32.7701,32.96,32.72,32.935,585915.0
2025-02-12 18:00:00,32.94,33.135,32.895,33.135,734341.0
2025-02-12 20:00:00,33.135,33.25,32.96,33.25,971322.0
2025-02-13 10:00:00,33.15,33.17,33.15,33.16,903.0
2025-02-13 12:00:00,33.23,33.23,32.84,33.17,1857.0
2025-02-13 14:00:00,33.25,33.34,32.9108,33.035,801280.0
2025-02-13 16:00:00,33.04,33.2485,33.02,33.175,704369.0
2025-02-13 18:00:00,33.175,33.25,33.065,33.21,1206510.0
2025-02-13 20:00:00,33.21,33.45,33.16,33.45,1237367.0
2025-02-13 22:00:00,32.9042,33.03,32.9042,33.03,330.0
2025-02-14 12:00:00,33.25,33.26,33.25,33.2599,549.0
2025-02-14 14:00:00,33.0,33.66,33.0,33.4847,808795.0
2025-02-14 16:00:00,33.485,33.65,33.455,33.65,655756.0
2025-02-14 18:00:00,33.655,33.81,33.58,33.7309,686501.0
2025-02-14 20:00:00,33.735,33.745,33.37,33.68,1060229.0
2025-02-14 22:00:00,33.69,33.69,33.69,33.69,100.0
2025-02-15 00:00:00,33.69,33.69,33.6853,33.6853,400.0
2025-02-18 08:00:00,33.6,33.6,33.56,33.56,515.0
2025-02-18 10:00:00,33.58,33.69,33.58,33.69,315.0
2025-02-18 12:00:00,33.7105,33.88,33.7105,33.79,71672.0
2025-02-18 14:00:00,33.85,33.99,33.605,33.78,793450.0
2025-02-18 16:00:00,33.77,34.045,33.74,33.9658,700475.0
2025-02-18 18:00:00,33.9609,34.06,33.825,34.045,878597.0
2025-02-18 20:00:00,34.05,34.24,34.035,34.2,1719743.0
2025-02-18 22:00:00,34.11,34.12,34.11,34.12,347.0
2025-02-19 00:00:00,34.18,34.18,34.17,34.17,2006.0
2025-02-19 12:00:00,34.17,34.3315,34.17,34.1987,2154.0
2025-02-19 14:00:00,34.12,34.46,34.087352,34.36,881472.0
2025-02-19 16:00:00,34.355,34.62,34.345,34.62,940515.0
2025-02-19 18:00:00,34.615,34.86,34.51,34.84,1090885.0
2025-02-19 20:00:00,34.835,34.845,34.5,34.68,1464254.0
2025-02-19 22:00:00,34.62,34.67,34.62,34.67,900.0
2025-02-20 00:00:00,34.6785,34.68,34.6785,34.68,200.0
2025-02-20 10:00:00,34.41,34.6,34.41,34.6,393.0
2025-02-20 12:00:00,34.61,34.99,34.2069,34.8045,7639.0
2025-02-20 14:00:00,34.79,34.91,34.38,34.505,717461.0
2025-02-20 16:00:00,34.51,34.78,34.455,34.625,829710.0
2025-02-20 18:00:00,34.62,34.69,34.48,34.63,1154282.0
2025-02-20 20:00:00,34.63,34.77,34.3893,34.3893,1190773.0
2025-02-21 12:00:00,34.66,34.66,34.66,34.66,105.0
2025-02-21 14:00:00,34.9,34.95,34.59,34.675,1080908.0
2025-02-21 16:00:00,34.685,34.82,34.61,34.615,991398.0
2025-02-21 18:00:00,34.61,34.735,34.4753,34.595,1579653.0
2025-02-21 20:00:00,34.59,34.825,34.58,34.62,2396502.0
2025-02-21 22:00:00,34.6,34.6,34.6,34.6,100.0
2025-02-24 08:00:00,34.65,34.65,34.59,34.59,1269.0
2025-02-24 10:00:00,34.87,34.9,34.86,34.9,1488.0
2025-02-24 12:00:00,34.94,34.99,34.05,34.8626,767.0
2025-02-24 14:00:00,34.84,35.275,34.76,34.855,1564808.0
2025-02-24 16:00:00,34.86,35.27,34.855,35.035,1174436.0
2025-02-24 18:00:00,35.035,35.205,35.03,35.13,890236.0
2025-02-24 20:00:00,35.135,35.14,34.67,34.75,2572129.0
2025-02-24 22:00:00,34.75,34.76,34.75,34.76,400.0
2025-02-25 10:00:00,34.41,34.59,34.41,34.59,1355.0
2025-02-25 12:00:00,34.98,34.98,34.85,34.9,167692.0
2025-02-25 14:00:00,34.78,35.01,34.205,34.405,1284660.0
2025-02-25 16:00:00,34.39,34.4,34.05,34.21,2182092.0
2025-02-25 18:00:00,34.21,34.445,34.145,34.37,969844.0
2025-02-25 20:00:00,34.37,34.435,34.01,34.2,1364622.0
2025-02-25 22:00:00,34.1,34.1,34.1,34.1,600.0
2025-02-26 12:00:00,34.24,34.35,34.24,34.31,1140.0
2025-02-26 14:00:00,34.4,34.4,33.66,33.865,1520224.0
2025-02-26 16:00:00,33.87,33.945,33.75,33.755,1418280.0
2025-02-26 18:00:00,33.765,33.775,33.59,33.695,1130633.0
2025-02-26 20:00:00,33.695,33.83,33.68,33.83,1681122.0
2025-02-27 00:00:00,33.83,33.83,33.83,33.83,496.0
2025-02-27 10:00:00,34.25,34.41,34.25,34.41,1618.0
2025-02-27 12:00:00,34.03,34.25,34.0,34.0,6263.0
2025-02-27 14:00:00,33.9999,33.9999,33.4,33.585,1624194.0
2025-02-27 16:00:00,33.58,33.71,33.42,33.635,1377006.0
2025-02-27 18:00:00,33.6395,33.85,33.525,33.55,2374111.0
2025-02-27 20:00:00,33.545,33.65,31.0,32.0,3560212.0
2025-02-27 22:00:00,32.0,32.2765,31.8048,31.8522,47224.0
2025-02-28 00:00:00,31.9,32.0,31.85,31.85,4113.0
2025-02-28 08:00:00,31.8,32.01,31.55,32.01,8409.0
2025-02-28 10:00:00,32.0,32.21,32.0,32.2,2569.0
2025-02-28 12:00:00,32.23,32.27,31.8,31.8,57003.0
2025-02-28 14:00:00,31.8,31.83,29.98,30.9,5556394.0
2025-02-28 16:00:00,30.92,30.945,30.285,30.31,2701743.0
2025-02-28 18:00:00,30.31,30.48,30.02,30.425,2501549.0
2025-02-28 20:00:00,30.425,30.91,30.3,30.78,4360472.0
2025-02-28 22:00:00,30.79,30.85,30.79,30.85,2702.0
2025-03-01 00:00:00,30.75,30.95,30.75,30.95,2302.0
2025-03-03 08:00:00,30.81,30.82,30.66,30.82,2114.0
2025-03-03 10:00:00,30.88,30.94,30.88,30.93,981.0
2025-03-03 12:00:00,30.97,31.0781,30.69,30.83,25065.0
2025-03-03 14:00:00,30.78,31.43,30.72,30.975,1678692.0
2025-03-03 16:00:00,30.98,31.09,30.735,30.83,1532348.0
2025-03-03 18:00:00,30.82,30.84,30.34,30.34,1337083.0
2025-03-03 20:00:00,30.34,30.34,29.91,30.24,2290688.0
2025-03-03 22:00:00,30.2599,30.2599,30.1,30.2499,920.0
2025-03-04 00:00:00,30.2163,30.2163,30.2163,30.2163,100.0
2025-03-04 08:00:00,30.05,30.05,30.05,30.05,211.0
2025-03-04 10:00:00,29.95,30.0,29.95,30.0,500.0
2025-03-04 12:00:00,29.89,29.91,29.78,29.9,12721.0
2025-03-04 14:00:00,29.8999,30.13,29.295,29.56,2357830.0
2025-03-04 16:00:00,29.55,29.83,29.51,29.645,1636576.0
2025-03-04 18:00:00,29.645,29.82,29.555,29.79,1576870.0
2025-03-04 20:00:00,29.78,29.86,29.175,29.29,2334408.0
2025-03-04 22:00:00,29.58,29.58,29.58,29.58,200.0
2025-03-05 08:00:00,29.6,29.6,29.6,29.6,1300.0
2025-03-05 10:00:00,29.74,29.74,29.48,29.48,1776.0
2025-03-05 12:00:00,29.51,29.57,29.35,29.35,982.0
2025-03-05 14:00:00,29.37,29.57,29.18,29.295,829851.0
2025-03-05 16:00:00,29.3,29.53,29.18,29.505,1065174.0
2025-03-05 18:00:00,29.51,29.795,29.38,29.7,1514188.0
2025-03-05 20:00:00,29.7,29.81,29.5,29.5,1823772.0
2025-03-05 22:00:00,29.52,29.52,29.52,29.52,709575.0
2025-03-06 08:00:00,29.16,29.18,29.09,29.12,5431.0
2025-03-06 10:00:00,29.08,29.08,29.05,29.06,558.0
2025-03-06 12:00:00,29.1,29.52,29.07,29.0898,14261.0
2025-03-06 14:00:00,29.09,29.95,29.08,29.63,1257428.0
2025-03-06 16:00:00,29.64,29.795,29.43,29.54,1567555.0
2025-03-06 18:00:00,29.54,30.01,29.54,29.76,1579629.0
2025-03-06 20:00:00,29.765,30.02,29.735,29.97,2461974.0
2025-03-06 22:00:00,29.96,29.97,29.96,29.97,850.0
2025-03-07 10:00:00,30.03,30.03,30.03,30.03,445.0
2025-03-07 12:00:00,29.98,30.08,29.9,29.92,7920.0
2025-03-07 14:00:00,29.93,30.395,29.63,30.255,1927774.0
2025-03-07 16:00:00,30.25,30.3308,29.9,30.165,2094784.0
2025-03-07 18:00:00,30.165,30.51,30.145,30.39,2030974.0
2025-03-07 20:00:00,30.38,30.61,30.32,30.55,2363955.0
2025-03-07 22:00:00,30.2935,30.54,30.2935,30.54,1885.0
2025-03-10 08:00:00,30.29,30.36,30.18,30.32,2495.0
2025-03-10 10:00:00,30.19,30.21,30.19,30.19,4570.0
2025-03-10 12:00:00,30.17,30.5,30.1,30.305,404750.0
2025-03-10 14:00:00,30.3,30.38,29.985,30.265,1912029.0
2025-03-10 16:00:00,30.265,30.355,30.035,30.08,1490219.0
2025-03-10 18:00:00,30.09,30.105,29.6,29.98,3424335.0
2025-03-10 20:00:00,29.98,30.08,29.96,30.08,58058.0
2025-03-10 22:00:00,29.91,29.99,29.87,29.87,1965.0
2025-03-11 08:00:00,30.05,30.05,30.0,30.01,24753.0
2025-03-11 10:00:00,30.13,30.25,30.13,30.16,1916.0
2025-03-11 12:00:00,30.1402,30.16,29.28,29.45,757820.0
2025-03-11 14:00:00,29.44,29.6,28.75,28.92,2492438.0
2025-03-11 16:00:00,28.925,28.93,28.565,28.65,1747661.0
2025-03-11 18:00:00,28.65,28.9993,28.6,28.63,3529208.0
2025-03-11 20:00:00,28.62,28.7496,28.619,28.72,79834.0
2025-03-11 22:00:00,28.769,28.769,28.5855,28.64,701.0
2025-03-12 08:00:00,28.51,28.64,28.13,28.52,8334.0
2025-03-12 10:00:00,28.54,28.59,28.49,28.59,1983.0
2025-03-12 12:00:00,28.55,28.76,28.13,28.315,597233.0
2025-03-12 14:00:00,28.315,28.35,27.82,28.33,2128415.0
2025-03-12 16:00:00,28.32,28.48,28.195,28.205,1428000.0
2025-03-12 18:00:00,28.205,28.54,28.2,28.45,3177520.0
2025-03-12 20:00:00,28.47,28.5799,28.47,28.5799,59120.0
2025-03-13 08:00:00,28.25,28.31,28.25,28.31,2425.0
2025-03-13 10:00:00,28.5,28.61,28.42,28.42,1628.0
2025-03-13 12:00:00,28.27,28.85,28.26,28.7,248986.0
2025-03-13 14:00:00,28.695,28.745,28.105,28.175,1556026.0
2025-03-13 16:00:00,28.175,28.185,27.685,27.69,1268167.0
2025-03-13 18:00:00,27.695,27.99,27.67,27.9,2333299.0
2025-03-13 20:00:00,27.91,28.0799,27.82,27.93,82168.0
2025-03-13 22:00:00,27.98,27.98,27.98,27.98,1276.0
2025-03-14 08:00:00,28.22,28.25,28.12,28.12,2437.0
2025-03-14 10:00:00,28.19,28.19,28.17,28.17,700.0
2025-03-14 12:00:00,28.13,28.365,28.13,28.3,228219.0
2025-03-14 14:00:00,28.28,28.535,28.115,28.48,990083.0
2025-03-14 16:00:00,28.48,28.495,28.29,28.2901,1005033.0
2025-03-14 18:00:00,28.295,28.435,28.26,28.39,1713343.0
2025-03-14 20:00:00,28.41,28.41,28.4,28.4,22447.0
2025-03-17 10:00:00,28.4,28.4,28.4,28.4,163.0
2025-03-17 12:00:00,28.31,28.69,28.28,28.5299,304332.0
2025-03-17 14:00:00,28.51,28.65,28.405,28.635,1078297.0
2025-03-17 16:00:00,28.635,28.875,28.605,28.835,1079662.0
2025-03-17 18:00:00,28.835,28.96,28.815,28.91,2145339.0
2025-03-17 20:00:00,28.91,28.91,28.91,28.91,69819.0
2025-03-17 22:00:00,28.95,28.96,28.95,28.96,301.0
2025-03-18 08:00:00,28.9,28.9,28.89,28.89,516.0
2025-03-18 10:00:00,28.76,28.76,28.76,28.76,200.0
2025-03-18 12:00:00,28.74,28.835,28.615,28.68,321321.0
2025-03-18 14:00:00,28.68,28.8691,28.54,28.585,825359.0
2025-03-18 16:00:00,28.58,28.75,28.565,28.69,727013.0
2025-03-18 18:00:00,28.68,28.745,28.58,28.69,1821622.0
2025-03-18 20:00:00,28.7,28.7,28.7,28.7,74551.0
2025-03-19 12:00:00,28.8,28.9,28.74,28.85,217801.0
2025-03-19 14:00:00,28.85,29.01,28.805,28.91,724743.0
2025-03-19 16:00:00,28.91,28.91,28.57,28.57,1163396.0
2025-03-19 18:00:00,28.56,28.955,28.49,28.76,3878393.0
2025-03-19 20:00:00,28.76,28.97,28.76,28.97,69994.0
2025-03-19 22:00:00,28.7814,28.7814,28.7814,28.7814,124.0
2025-03-20 10:00:00,28.77,28.77,28.77,28.77,372.0
2025-03-20 12:00:00,28.64,28.73,28.48,28.71,265690.0
2025-03-20 14:00:00,28.7,28.885,28.685,28.825,837595.0
2025-03-20 16:00:00,28.82,28.89,28.555,28.575,859084.0
2025-03-20 18:00:00,28.57,28.63,28.49,28.5,1416502.0
2025-03-20 20:00:00,28.51,28.77,28.51,28.58,43859.0
2025-03-20 22:00:00,28.51,28.51,28.51,28.51,260.0
2025-03-21 08:00:00,28.51,28.51,28.41,28.47,3110.0
2025-03-21 10:00:00,28.53,28.6,28.51,28.52,2251.0
2025-03-21 12:00:00,28.5,28.54,27.95,28.13,1079811.0
2025-03-21 14:00:00,28.125,28.31,28.05,28.105,1283566.0
2025-03-21 16:00:00,28.105,28.445,28.05,28.385,771430.0
2025-03-21 18:00:00,28.385,28.68,28.265,28.64,3705425.0
2025-03-21 20:00:00,28.68,28.6816,28.59,28.68,1629839.0
2025-03-24 08:00:00,29.15,29.18,28.87,28.89,3260.0
2025-03-24 10:00:00,28.89,29.0,28.88,28.97,4877.0
2025-03-24 12:00:00,28.98,29.4,28.83,29.105,391221.0
2025-03-24 14:00:00,29.11,29.13,28.76,28.775,946723.0
2025-03-24 16:00:00,28.77,28.84,28.71,28.725,1053537.0
2025-03-24 18:00:00,28.725,29.01,28.67,28.985,1732310.0
2025-03-24 20:00:00,29.0,29.06,28.75,29.06,29185.0
2025-03-25 10:00:00,28.97,29.02,28.97,29.02,771.0
2025-03-25 12:00:00,29.06,29.13,28.905,28.915,299459.0
2025-03-25 14:00:00,28.92,28.94,28.765,28.8,828655.0
2025-03-25 16:00:00,28.805,28.85,28.68,28.7184,639594.0
2025-03-25 18:00:00,28.71,28.81,28.6,28.8,2231567.0
2025-03-25 20:00:00,28.81,28.82,28.78,28.78,135057.0
2025-03-25 22:00:00,28.96,28.96,28.96,28.96,100.0
2025-03-26 10:00:00,28.81,28.81,28.81,28.81,782.0
2025-03-26 12:00:00,28.87,29.01,28.79,28.815,259853.0
2025-03-26 14:00:00,28.81,28.905,28.665,28.69,1033294.0
2025-03-26 16:00:00,28.695,28.725,28.53,28.535,701991.0
2025-03-26 18:00:00,28.535,28.78,28.535,28.69,1933059.0
2025-03-26 20:00:00,28.71,28.71,28.71,28.71,131180.0
2025-03-26 22:00:00,28.6,28.6,28.6,28.6,15000.0
2025-03-27 12:00:00,28.48,28.56,28.285,28.47,300202.0
2025-03-27 14:00:00,28.46,28.64,28.45,28.505,847709.0
2025-03-27 16:00:00,28.505,28.66,28.385,28.415,1483068.0
2025-03-27 18:00:00,28.415,28.78,28.4101,28.64,1692003.0
2025-03-27 20:00:00,28.65,28.65,28.3843,28.3843,51070.0
2025-03-27 22:00:00,28.4122,28.4122,28.4122,28.4122,100.0
2025-03-28 12:00:00,28.54,28.6505,28.31,28.51,309684.0
2025-03-28 14:00:00,28.5,28.58,28.095,28.11,851272.0
2025-03-28 16:00:00,28.105,28.1501,27.9,27.95,696039.0
2025-03-28 18:00:00,27.95,28.015,27.79,27.89,2242558.0
2025-03-28 20:00:00,27.9,28.65,27.78,27.87,65274.0
2025-03-28 22:00:00,27.7927,27.7927,27.7927,27.7927,1868.0
